Submission id,Participant id,Status,Started at,Completed at,Reviewed at,Archived at,Time taken,Completion code,Total approvals,Highest education level completed,Age,Sex,Ethnicity simplified,Country of birth,Country of residence,Nationality,Language,Student status,Employment status
636d55f483f564bebe506350,636bd30e14a5a0787697f56b,APPROVED,2022-11-10T19:50:14.504000Z,2022-11-10T19:50:46.139000Z,2022-11-10T19:50:46.601000,2022-11-10T19:50:46.533150Z,32,C109FFJY,22,Secondary education (e.g. GED/GCSE),30,Female,White,United States,United States,United States,English,No,Part-Time
636d56cc81334cf8fbc4b44e,608b545dac4ff506d7f01f04,APPROVED,2022-11-10T19:53:52.284000Z,2022-11-10T19:54:12.487000Z,2022-11-10T19:54:12.975000,2022-11-10T19:54:12.889527Z,21,C109FFJY,1495,Secondary education (e.g. GED/GCSE),26,Female,White,United States,United States,United States,English,No,Unemployed (and job seeking)
636d575a3588130e409e6bed,63101cafd1872c9ac5d04944,APPROVED,2022-11-10T19:56:14.359000Z,2022-11-10T19:57:09.006000Z,2022-11-10T19:57:09.704000,2022-11-10T19:57:09.693877Z,55,C109FFJY,478,Secondary education (e.g. GED/GCSE),36,Male,White,United States,United States,United States,English,No,"Not in paid work (e.g. homemaker', 'retired or disabled)"
636d57c02c01cc09428098cd,5e9f12398bee3106d8a13131,APPROVED,2022-11-10T19:57:55.794000Z,2022-11-10T19:58:25.368000Z,2022-12-01T00:00:40.773000,2022-11-10T19:58:25.820053Z,30,NOCODE,1295,Secondary education (e.g. GED/GCSE),37,Female,White,United States,United States,United States,English,No,Part-Time
636d57f7595a97ddead40464,612fd3208d3decaf3ec80bcc,APPROVED,2022-11-10T19:58:52.809000Z,2022-11-10T19:59:39.378000Z,2022-11-10T19:59:39.827000,2022-11-10T19:59:39.750155Z,47,C109FFJY,2239,Secondary education (e.g. GED/GCSE),47,Female,White,United States,United States,United States,English,No,Unemployed (and job seeking)
636d57f7bc2051ae07aaee04,5e0a2f6377f8652c6fc3f887,APPROVED,2022-11-10T19:58:49.652000Z,2022-11-10T19:59:18.377000Z,2022-11-10T19:59:19.283000,2022-11-10T19:59:19.215141Z,29,C109FFJY,1385,Secondary education (e.g. GED/GCSE),30,Female,White,United States,United States,United States,English,No,Full-Time
636d5827a9e22c9734ee8d79,6108e0f394ea82edc8b1884a,APPROVED,2022-11-10T19:59:39.884000Z,2022-11-10T20:00:26.702000Z,2022-11-10T20:00:27.549000,2022-11-10T20:00:27.467642Z,47,C109FFJY,1748,Secondary education (e.g. GED/GCSE),25,Female,White,United States,United States,United States,English,No,Full-Time
636d5877fbb6f91fe90e5c04,62d133496cf7f774b8bf98a0,APPROVED,2022-11-10T20:00:58.884000Z,2022-11-10T20:02:03.120000Z,2022-12-01T00:00:40.926000,2022-11-10T20:02:03.522176Z,65,NOCODE,97,Secondary education (e.g. GED/GCSE),48,Female,White,United States,United States,United States,English,No,Full-Time
636d5896dbfd1cc5577dbf51,5be769f53b047e0001a39b01,APPROVED,2022-11-10T20:01:30.519000Z,2022-11-10T20:02:41.753000Z,2022-11-10T20:02:42.190000,2022-11-10T20:02:42.105875Z,72,C109FFJY,2949,Secondary education (e.g. GED/GCSE),63,Female,White,DATA_EXPIRED,United States,United States,English,No,Unemployed (and job seeking)
636d58c4ee7cadc30f6ba2a5,5eceed79840590300f53fa51,APPROVED,2022-11-10T20:02:35.527000Z,2022-11-10T20:03:04.837000Z,2022-11-10T20:03:05.313000,2022-11-10T20:03:05.227692Z,30,C109FFJY,2633,Secondary education (e.g. GED/GCSE),28,Male,White,United States,United States,United States,English,No,Full-Time
636d58e224b596526980993d,6143af8721d1445864c4f6c8,APPROVED,2022-11-10T20:02:45.331000Z,2022-11-10T20:03:19.493000Z,2022-11-10T20:03:19.838000,2022-11-10T20:03:19.784297Z,35,C109FFJY,2515,Secondary education (e.g. GED/GCSE),50,Male,White,United States,United States,United States,English,No,Unemployed (and job seeking)
636d598a3695565b1b222252,6314c1e76c3f71e2127f1976,APPROVED,2022-11-10T20:05:35.383000Z,2022-11-10T20:08:44.559000Z,2022-12-01T00:00:41.078000,2022-11-10T20:08:44.968401Z,190,NOCODE,400,Secondary education (e.g. GED/GCSE),41,Male,White,United States,United States,United States,English,No,Unemployed (and job seeking)
636d59bba0a3842be410ee3e,62cf8b6eac8db5ea98343fbe,APPROVED,2022-11-10T20:06:23.431000Z,2022-11-10T20:07:08.920000Z,2022-11-10T20:07:09.401000,2022-11-10T20:07:09.324286Z,46,C109FFJY,645,Secondary education (e.g. GED/GCSE),39,Male,White,United States,United States,United States,English,No,"Not in paid work (e.g. homemaker', 'retired or disabled)"
636d5b0eda432ed7763081ac,60fe204fae558bfeb83d0bcf,APPROVED,2022-11-10T20:12:00.665000Z,2022-11-10T20:13:02.015000Z,2022-12-01T00:00:41.227000,2022-11-10T20:13:02.416442Z,62,NOCODE,226,Secondary education (e.g. GED/GCSE),22,Female,White,United States,United States,United States,English,Yes,Unemployed (and job seeking)
636d5b203489b4586cc4b3fe,60ed8b58291a506de5a1bf6f,APPROVED,2022-11-10T20:12:19.936000Z,2022-11-10T20:12:57.081000Z,2022-11-10T20:12:57.474000,2022-11-10T20:12:57.412480Z,38,C109FFJY,1523,Secondary education (e.g. GED/GCSE),35,Male,White,United States,United States,United States,English,No,"Not in paid work (e.g. homemaker', 'retired or disabled)"
636d5b4ab12bff0a720e5c1e,6278856ed61afb01f6e4d0ac,APPROVED,2022-11-10T20:13:04.333000Z,2022-11-10T20:14:02.499000Z,2022-12-01T00:00:41.372000,2022-11-10T20:14:02.906505Z,59,NOCODE,531,Secondary education (e.g. GED/GCSE),49,Male,Mixed,United States,United States,United States,English,No,DATA_EXPIRED
636d5c1188c491c3e552d594,631699e51577c995252cf3fc,APPROVED,2022-11-10T20:16:18.841000Z,2022-11-10T20:16:52.903000Z,2022-12-01T00:00:41.522000,2022-11-10T20:16:53.421772Z,35,NOCODE,156,Secondary education (e.g. GED/GCSE),19,Male,Black,United States,United States,United States,English,Yes,Other
636d5c4737f92b94920e5bdd,636159bba71cce7040de4058,APPROVED,2022-11-10T20:17:14.016000Z,2022-11-10T20:18:16.563000Z,2022-12-01T00:00:41.673000,2022-11-10T20:18:17.008817Z,63,NOCODE,55,Secondary education (e.g. GED/GCSE),30,Male,Other,United States,United States,United States,English,No,Unemployed (and job seeking)
636d5ddc76457ffa8a9e6be9,631b822619211df6b4180d50,APPROVED,2022-11-10T20:23:58.697000Z,2022-11-10T20:24:34.594000Z,2022-11-10T20:24:35.013000,2022-11-10T20:24:34.948652Z,36,C109FFJY,320,Secondary education (e.g. GED/GCSE),38,Female,Asian,United States,United States,United States,English,No,"Not in paid work (e.g. homemaker', 'retired or disabled)"
636d5f58ddcd0a55c10e5c03,636149c88d2d393decf957f7,APPROVED,2022-11-10T20:30:19.222000Z,2022-11-10T20:30:53.755000Z,2022-11-10T20:30:54.303000,2022-11-10T20:30:54.250451Z,35,C109FFJY,94,Secondary education (e.g. GED/GCSE),36,Male,White,United States,United States,United States,English,No,Other
636d619fc1b738248f459d27,6313f4ebb6eb359b0650a088,APPROVED,2022-11-10T20:40:02.583000Z,2022-11-10T20:40:53.163000Z,2022-11-10T20:40:53.668000,2022-11-10T20:40:53.604529Z,51,C109FFJY,245,Secondary education (e.g. GED/GCSE),23,Female,White,United States,United States,United States,English,No,Unemployed (and job seeking)
636d63223079f338ac95eefe,5e23b46fde3c906690fbd4f8,APPROVED,2022-11-10T20:46:30.906000Z,2022-11-10T20:47:01.424000Z,2022-11-10T20:47:01.897000,2022-11-10T20:47:01.834152Z,31,C109FFJY,814,Secondary education (e.g. GED/GCSE),26,Male,White,United States,United States,United States,English,No,"Not in paid work (e.g. homemaker', 'retired or disabled)"
636d632a5c285cb1b150634b,5faeb8eb6562cd0163f216ec,APPROVED,2022-11-10T20:46:37.383000Z,2022-11-10T20:47:40.053000Z,2022-11-10T20:47:40.531000,2022-11-10T20:47:40.455711Z,63,C109FFJY,2528,Secondary education (e.g. GED/GCSE),27,Male,Asian,United States,United States,United States,English,No,Unemployed (and job seeking)
636d6331ace910eb4030819c,603fa7d057d382087d66d1c2,APPROVED,2022-11-10T20:46:50.151000Z,2022-11-10T20:47:38.374000Z,2022-12-01T00:00:41.845000,2022-11-10T20:47:38.850231Z,49,NOCODE,1931,Secondary education (e.g. GED/GCSE),32,Female,White,United States,United States,United States,English,No,"Not in paid work (e.g. homemaker', 'retired or disabled)"
636d635f73a06ee125ed3d48,62acafc833450e1feb7ba05b,APPROVED,2022-11-10T20:47:30.644000Z,2022-11-10T20:47:59.616000Z,2022-12-01T00:00:42.019000,2022-11-10T20:47:59.971784Z,29,NOCODE,280,Secondary education (e.g. GED/GCSE),18,Male,Asian,United States,United States,United States,English,Yes,DATA_EXPIRED
636d639d151a5afb153081ca,5d8d8f8a7df28500133337d1,APPROVED,2022-11-10T20:48:35.744000Z,2022-11-10T20:49:20.672000Z,2022-11-10T20:49:21.151000,2022-11-10T20:49:21.098776Z,45,C109FFJY,915,Secondary education (e.g. GED/GCSE),31,Male,White,United States,United States,United States,English,No,Unemployed (and job seeking)
636d643ec1b738248f459d8c,5cb2e89bc29be80001b13ed6,APPROVED,2022-11-10T20:51:14.400000Z,2022-11-10T20:51:59.496000Z,2022-12-01T00:00:42.220000,2022-11-10T20:51:59.853167Z,46,NOCODE,2203,Secondary education (e.g. GED/GCSE),49,Female,White,United States,United States,United States,English,No,Part-Time
636d64474dd23080bfee8dab,5eac65aec4ed450f4df4868f,APPROVED,2022-11-10T20:51:23.399000Z,2022-11-10T20:52:02.416000Z,2022-11-10T20:52:02.826000,2022-11-10T20:52:02.772958Z,40,C109FFJY,2890,Secondary education (e.g. GED/GCSE),45,Male,White,United States,United States,United States,English,No,"Not in paid work (e.g. homemaker', 'retired or disabled)"
636d64aca38b9b6ce20e5bf2,589de7bbbb9e0f0001ac9768,APPROVED,2022-11-10T20:53:03.397000Z,2022-11-10T20:54:19.364000Z,2022-11-10T20:54:20.135000,2022-11-10T20:54:20.070876Z,76,C109FFJY,79,Secondary education (e.g. GED/GCSE),27,Female,White,United States,United States,United States,English,No,Other
636d658732109aea4d3081df,6279d6e5d4f91de53dbf67a3,APPROVED,2022-11-10T20:56:42.257000Z,2022-11-10T20:57:18.235000Z,2022-11-10T20:57:18.708000,2022-11-10T20:57:18.642741Z,36,C109FFJY,266,Secondary education (e.g. GED/GCSE),19,Female,DATA_EXPIRED,United States,United States,United States,English,Yes,DATA_EXPIRED
636d66dbd203a2132a7dbf36,6266d7c7bfe6d9d74ff4e76f,APPROVED,2022-11-10T21:02:23.651000Z,2022-11-10T21:03:04.887000Z,2022-11-10T21:03:05.322000,2022-11-10T21:03:05.240883Z,42,C109FFJY,1205,Secondary education (e.g. GED/GCSE),52,Female,White,United States,United States,United States,English,No,Full-Time
636d68de6d6f2b57d5dca940,6365b9324ce52c4f38eed7a0,APPROVED,2022-11-10T21:10:54.426000Z,2022-11-10T21:11:25.048000Z,2022-11-10T21:11:25.497000,2022-11-10T21:11:25.420626Z,31,C109FFJY,50,Secondary education (e.g. GED/GCSE),18,Female,Other,United States,United States,United States,Spanish,Yes,"Not in paid work (e.g. homemaker', 'retired or disabled)"
636d69235c64fd115d246513,630345dd92f26599c777a5fc,APPROVED,2022-11-10T21:12:08.506000Z,2022-11-10T21:13:31.078000Z,2022-11-10T21:13:31.806000,2022-11-10T21:13:31.731810Z,83,C109FFJY,451,Secondary education (e.g. GED/GCSE),39,Male,White,United States,United States,United States,English,No,"Not in paid work (e.g. homemaker', 'retired or disabled)"
636d6adbba12dff2a77dbf05,5bcc1fce4249b20001bc99f1,APPROVED,2022-11-10T21:19:32.191000Z,2022-11-10T21:21:47.446000Z,2022-11-10T21:21:47.975000,2022-11-10T21:21:47.920199Z,136,C109FFJY,2796,Secondary education (e.g. GED/GCSE),40,Female,White,United States,United States,United States,English,No,Full-Time
636d6e0da3d79b20917cb4bd,62a2adb16716c2e0c8d3c07a,APPROVED,2022-11-10T21:33:05.096000Z,2022-11-10T21:35:12.888000Z,2022-11-10T21:35:13.260000,2022-11-10T21:35:13.200439Z,128,C109FFJY,575,Secondary education (e.g. GED/GCSE),24,Female,Mixed,United States,United States,United States,English,No,Unemployed (and job seeking)
636d6f0cc85fdb500eed3d8e,60709c0cc17168fdce1c7774,APPROVED,2022-11-10T21:37:19.811000Z,2022-11-10T21:37:47.496000Z,2022-11-10T21:37:48.566000,2022-11-10T21:37:48.504757Z,28,C109FFJY,536,Secondary education (e.g. GED/GCSE),28,Female,White,United States,United States,United States,English,Yes,"Not in paid work (e.g. homemaker', 'retired or disabled)"
636d707a4f6b82a2833345a0,5d140b5c1039690017945b7b,APPROVED,2022-11-10T21:43:25.258000Z,2022-11-10T21:43:59.288000Z,2022-11-10T21:43:59.758000,2022-11-10T21:43:59.688361Z,35,C109FFJY,1166,Secondary education (e.g. GED/GCSE),23,Male,White,United States,United States,United States,English,No,Full-Time
636d707e6d6da79a81459d48,628ff919d843cc2a752e489a,APPROVED,2022-11-10T21:43:26.104000Z,2022-11-10T21:44:11.450000Z,2022-11-10T21:44:14.031000Z,2022-11-10T21:44:14.154665Z,46,C109FFJY,910,Secondary education (e.g. GED/GCSE),23,Male,White,United States,United States,United States,English,No,"Not in paid work (e.g. homemaker', 'retired or disabled)"
636d71014730caa21966a9f4,5f744fb50bfbbd0a01cd5435,APPROVED,2022-11-10T21:45:40.598000Z,2022-11-10T21:46:32.830000Z,2022-12-01T00:00:42.408000,2022-11-10T21:46:33.199123Z,53,NOCODE,2704,Secondary education (e.g. GED/GCSE),47,Female,White,United States,United States,United States,English,No,"Not in paid work (e.g. homemaker', 'retired or disabled)"
636d71814bbb1a2b98ed3d72,6111a1563a1ee66375aa174b,APPROVED,2022-11-10T21:47:47.138000Z,2022-11-10T21:48:10.402000Z,2022-11-10T21:48:10.889000,2022-11-10T21:48:10.784800Z,24,C109FFJY,866,Secondary education (e.g. GED/GCSE),19,Female,White,United States,United States,United States,English,Yes,Part-Time
636d7225f0fdac18d17dbefd,5e8fa37bf594d02a576c7a46,APPROVED,2022-11-10T21:50:31.383000Z,2022-11-10T21:51:01.294000Z,2022-12-01T00:00:42.584000,2022-11-10T21:51:01.637457Z,30,NOCODE,516,Secondary education (e.g. GED/GCSE),23,Female,Mixed,United States,United States,United States,English,Yes,Part-Time
636d746548e4c4504105394f,603862f99e00971c55fe0874,APPROVED,2022-11-10T22:00:07.785000Z,2022-11-10T22:00:41.079000Z,2022-11-10T22:00:41.615000,2022-11-10T22:00:41.504255Z,34,C109FFJY,2129,Secondary education (e.g. GED/GCSE),32,Male,Black,United States,United States,United States,English,No,"Not in paid work (e.g. homemaker', 'retired or disabled)"
636d75f40bbb3cfdfb246521,628e8ff65ff8999d5907e520,APPROVED,2022-11-10T22:06:52.072000Z,2022-11-10T22:09:05.690000Z,2022-11-10T22:09:06.070000,2022-11-10T22:09:06.008740Z,134,C109FFJY,121,Secondary education (e.g. GED/GCSE),66,Female,White,United States,United States,United States,English,No,"Not in paid work (e.g. homemaker', 'retired or disabled)"
636d768600604189f191130d,62e1e3f92efe886934aebdc4,APPROVED,2022-11-10T22:09:13.095000Z,2022-11-10T22:09:56.345000Z,2022-11-10T22:09:56.846000,2022-11-10T22:09:56.781958Z,44,C109FFJY,513,Secondary education (e.g. GED/GCSE),46,Female,White,United States,United States,United States,English,No,"Not in paid work (e.g. homemaker', 'retired or disabled)"
636d76ab515844389805395e,5f33f5c671dbfc2622aecda4,APPROVED,2022-11-10T22:09:50.686000Z,2022-11-10T22:10:40.626000Z,2022-12-01T00:00:42.769000,2022-11-10T22:10:40.974190Z,50,NOCODE,2461,Secondary education (e.g. GED/GCSE),65,Male,White,New Zealand,United States,United States,English,No,Full-Time
636d77591f820b85c22fc975,5c961ee66357fb0001ef4b4a,APPROVED,2022-11-10T22:12:45.363000Z,2022-11-10T22:13:18.062000Z,2022-12-01T00:00:42.934000,2022-11-10T22:13:18.451333Z,33,NOCODE,3706,Secondary education (e.g. GED/GCSE),53,Male,Black,United States,United States,United States,English,No,Unemployed (and job seeking)
636d7839afa186de6b0226cf,5f4b3a0ff271be7054ca348a,APPROVED,2022-11-10T22:16:28.083000Z,2022-11-10T22:27:00.540000Z,2022-12-01T00:00:43.105000,2022-11-10T22:27:00.938262Z,633,NOCODE,652,Secondary education (e.g. GED/GCSE),29,Female,White,United States,United States,United States,English,DATA_EXPIRED,Unemployed (and job seeking)
636d7a6fc273870e88c238ab,5e8cf14c0bec230b335e060d,APPROVED,2022-11-10T22:25:56.287000Z,2022-11-10T22:26:28.700000Z,2022-12-01T00:00:43.249000,2022-11-10T22:26:29.069797Z,33,NOCODE,2188,Secondary education (e.g. GED/GCSE),46,Female,Other,Trinidad and Tobago,United States,United States,English,No,"Not in paid work (e.g. homemaker', 'retired or disabled)"
636d8016d25cc1c53452d5d2,631002c1710095681a201cdf,APPROVED,2022-11-10T22:49:58.570000Z,2022-11-10T22:50:33.570000Z,2022-11-10T22:50:34.196000,2022-11-10T22:50:34.097059Z,35,C109FFJY,7,Secondary education (e.g. GED/GCSE),32,Male,White,Germany,United States,United States,English,Yes,DATA_EXPIRED
636d8103f4c807e933506350,614f9f5543d1293c2b2a2c52,APPROVED,2022-11-10T22:54:00.879000Z,2022-11-10T22:54:57.589000Z,2022-11-10T22:54:58.082000,2022-11-10T22:54:58.010986Z,57,C109FFJY,252,Secondary education (e.g. GED/GCSE),69,Female,White,United States,United States,United States,English,No,"Not in paid work (e.g. homemaker', 'retired or disabled)"
636d8105fffebea566ec45d1,61672728d4ad3f70cc6a0199,APPROVED,2022-11-10T22:54:05.516000Z,2022-11-10T22:54:25.073000Z,2022-11-10T22:54:25.527000,2022-11-10T22:54:25.452889Z,20,C109FFJY,717,Secondary education (e.g. GED/GCSE),20,Female,Asian,United States,United States,United States,English,DATA_EXPIRED,Part-Time
636d8238e5c460db529d7f5d,63667ba152dc3078210dc552,APPROVED,2022-11-10T22:59:04.324000Z,2022-11-10T23:00:56.090000Z,2022-11-10T23:00:56.580000,2022-11-10T23:00:56.513699Z,112,C109FFJY,0,Secondary education (e.g. GED/GCSE),60,Female,Mixed,United States,United States,United States,English,No,"Not in paid work (e.g. homemaker', 'retired or disabled)"
636d83ecf985aa0277ee8da2,6294584c8601739c2c920cf6,APPROVED,2022-11-10T23:06:24.128000Z,2022-11-10T23:07:02.812000Z,2022-12-01T00:00:43.381000,2022-11-10T23:07:03.415943Z,39,NOCODE,35,Secondary education (e.g. GED/GCSE),25,Male,White,United States,United States,United States,English,No,DATA_EXPIRED
636d846dd3a0ca93bfec4634,6364352eb4261be4d1ab49f7,APPROVED,2022-11-10T23:08:29.655000Z,2022-11-10T23:09:17.781000Z,2022-11-10T23:09:18.213000,2022-11-10T23:09:18.137491Z,49,C109FFJY,2,Secondary education (e.g. GED/GCSE),21,Male,Other,United States,United States,United States,English,No,DATA_EXPIRED
636d857cee8b10e3909e6c0d,5f79bca83a2eb65c0983816d,APPROVED,2022-11-10T23:13:03.547000Z,2022-11-10T23:13:42.984000Z,2022-11-10T23:13:43.434000,2022-11-10T23:13:43.377755Z,40,C109FFJY,2190,Secondary education (e.g. GED/GCSE),33,Male,White,United States,United States,United States,English,No,Unemployed (and job seeking)
636d86969fef27bb55ae48dc,636148d7c918791f6fc8d86c,APPROVED,2022-11-10T23:17:48.339000Z,2022-11-10T23:18:40.682000Z,2022-12-01T00:00:43.515000,2022-11-10T23:18:41.129793Z,53,Didnt get,37,Secondary education (e.g. GED/GCSE),33,Male,White,United States,United States,United States,English,No,Unemployed (and job seeking)
636d877cd6ef12828d3081a3,5ddb1b1e929d5da850164610,APPROVED,2022-11-10T23:21:32.631000Z,2022-11-10T23:22:53.090000Z,2022-12-01T00:00:43.635000,2022-11-10T23:22:53.464975Z,81,NOCODE,854,Secondary education (e.g. GED/GCSE),41,Female,White,United States,United States,United States,English,No,Full-Time
636d8e4e5fb3605d00384840,6266add746005ee1ac2e801b,APPROVED,2022-11-10T23:50:42.622000Z,2022-11-10T23:51:44.428000Z,2022-11-10T23:51:44.851000,2022-11-10T23:51:44.775120Z,62,C109FFJY,1035,Secondary education (e.g. GED/GCSE),48,Female,White,United States,United States,United States,English,No,Unemployed (and job seeking)
636d9085fe61ce7535ec4600,5ec3884fa0c1ef0009b57549,APPROVED,2022-11-11T00:00:07.817000Z,2022-11-11T00:02:39.637000Z,2022-11-11T00:02:57.384000,2022-11-11T00:02:57.326717Z,152,C109FFJY,1432,Secondary education (e.g. GED/GCSE),25,Female,Mixed,United States,United States,United States,English,No,Unemployed (and job seeking)
636d94191ec0f72447d40495,6343319a992461d9273f488a,APPROVED,2022-11-11T00:15:21.658000Z,2022-11-11T00:16:09.170000Z,2022-11-11T00:16:09.643000,2022-11-11T00:16:09.541613Z,48,C109FFJY,126,Secondary education (e.g. GED/GCSE),46,Male,White,United States,United States,United States,English,No,Unemployed (and job seeking)
636d946c28ef30d5685133b9,636690c35055028511f463fa,APPROVED,2022-11-11T00:16:44.603000Z,2022-11-11T00:23:29.892000Z,2022-11-11T00:23:30.446000,2022-11-11T00:23:30.375060Z,406,C109FFJY,5,Secondary education (e.g. GED/GCSE),29,Male,White,United States,United States,United States,English,No,"Not in paid work (e.g. homemaker', 'retired or disabled)"
636d98f59a23e991757dad1d,628fa8e2c2516fe9c6bfe0be,APPROVED,2022-11-11T00:36:08.289000Z,2022-11-11T00:36:46.483000Z,2022-12-02T00:00:25.658000,2022-11-11T00:36:46.892592Z,39,NOCODE,1140,Secondary education (e.g. GED/GCSE),43,Male,White,United States,United States,United States,English,No,Full-Time
636d98fd3cb8826a181afe37,5e826ebd7ef97e992a0b8f49,APPROVED,2022-11-11T00:36:16.475000Z,2022-11-11T00:36:45.195000Z,2022-12-02T00:00:25.774000,2022-11-11T00:36:45.595108Z,29,NOCODE,114,Secondary education (e.g. GED/GCSE),25,Female,White,United States,United States,United States,English,DATA_EXPIRED,DATA_EXPIRED
636d997953b1ecb7e63081b2,57ac740478a38d00017cce22,APPROVED,2022-11-11T00:38:19.274000Z,2022-11-11T00:39:11.578000Z,2022-11-11T00:39:11.984000,2022-11-11T00:39:11.932667Z,53,C109FFJY,2947,Secondary education (e.g. GED/GCSE),62,Female,White,United States,United States,United States,English,No,Part-Time
636d998d05416c9e6a2464f1,5e464df53f7dd9117a4446a8,APPROVED,2022-11-11T00:38:43.712000Z,2022-11-11T00:39:52.150000Z,2022-12-02T00:00:26.124000,2022-11-11T00:39:52.509304Z,69,NOCODE,202,Secondary education (e.g. GED/GCSE),35,Male,White,United States,United States,United States,English,No,Unemployed (and job seeking)
636d9bec9066c3ae10308197,636147e6e9cf6c805919fd56,APPROVED,2022-11-11T00:49:08.639000Z,2022-11-11T00:50:01.291000Z,2022-12-02T00:00:26.235000,2022-11-11T00:50:01.691071Z,53,NOCODE,7,Secondary education (e.g. GED/GCSE),25,Male,White,DATA_EXPIRED,United States,United States,English,DATA_EXPIRED,DATA_EXPIRED
636d9c345682111a5a9e6c26,62ce35b697d7d717edaeee58,APPROVED,2022-11-11T00:49:59.097000Z,2022-11-11T00:50:25.654000Z,2022-11-11T00:50:26.064000,2022-11-11T00:50:26.006251Z,27,C109FFJY,557,Secondary education (e.g. GED/GCSE),41,Male,White,United States,United States,United States,English,No,"Not in paid work (e.g. homemaker', 'retired or disabled)"
636d9c5c730ba584f0ca1141,6356ee35a32f19e14c149cb2,APPROVED,2022-11-11T00:50:36.464000Z,2022-11-11T00:52:04.918000Z,2022-11-11T00:52:05.273000,2022-11-11T00:52:05.223736Z,89,C109FFJY,11,Secondary education (e.g. GED/GCSE),49,Male,White,DATA_EXPIRED,United States,United States,English,DATA_EXPIRED,DATA_EXPIRED
636da2cfc000106c8abfb444,601387b4aa37e127b0544497,APPROVED,2022-11-11T01:18:21.241000Z,2022-11-11T01:20:33.337000Z,2022-11-11T01:20:33.677000Z,2022-11-11T01:20:33.939476Z,133,C109FFJY,333,Secondary education (e.g. GED/GCSE),38,Female,Black,United States,United States,United States,English,Yes,Other
636da42fc95aefef01713289,60de9c66c01a9de405e9efb0,APPROVED,2022-11-11T01:24:07.378000Z,2022-11-11T01:25:26.463000Z,2022-12-02T00:00:26.348000,2022-11-11T01:25:27.006666Z,80,NOCODE,2204,Secondary education (e.g. GED/GCSE),63,Male,White,United States,United States,United States,English,No,"Not in paid work (e.g. homemaker', 'retired or disabled)"
636da4304080b6314ac23886,5ef6c997bddec33cfaed40c7,APPROVED,2022-11-11T01:24:03.608000Z,2022-11-11T01:24:42.651000Z,2022-11-11T01:24:43.342000,2022-11-11T01:24:43.291696Z,40,C109FFJY,1737,Secondary education (e.g. GED/GCSE),43,Male,White,United States,United States,United States,English,No,Full-Time
636da53af7c1f30521bfb45c,614fe10cc5f880c122bacc6d,APPROVED,2022-11-11T01:28:31.706000Z,2022-11-11T01:29:59.594000Z,2022-12-02T00:00:26.457000,2022-11-11T01:29:59.990742Z,88,NOCODE,134,Secondary education (e.g. GED/GCSE),45,Male,White,United States,United States,United States,English,No,"Not in paid work (e.g. homemaker', 'retired or disabled)"
636da6a8c309d844641afe24,5f9e612e5e10814115cc780d,APPROVED,2022-11-11T01:34:35.861000Z,2022-11-11T01:35:24.348000Z,2022-11-11T01:35:24.796000,2022-11-11T01:35:24.738502Z,49,C109FFJY,1573,Secondary education (e.g. GED/GCSE),48,Male,White,United States,United States,United States,English,No,Unemployed (and job seeking)
636da943df3626796f0226b1,62f15a6bb44b71fa2124f45a,APPROVED,2022-11-11T01:45:46.237000Z,2022-11-11T01:46:34.211000Z,2022-12-02T00:00:26.567000,2022-11-11T01:46:34.534897Z,48,NOCODE,428,Secondary education (e.g. GED/GCSE),64,Male,White,United States,United States,United States,English,No,Unemployed (and job seeking)
636daa5e88e961f7359d7f96,6306f070d4f94e56cb544400,APPROVED,2022-11-11T01:50:25.743000Z,2022-11-11T01:51:06.664000Z,2022-11-11T01:51:07.049000,2022-11-11T01:51:06.981751Z,41,C109FFJY,241,Secondary education (e.g. GED/GCSE),31,Male,White,United States,United States,United States,English,No,"Not in paid work (e.g. homemaker', 'retired or disabled)"
636dac96859b9a022a222250,558943fafdf99b5ccd435cb3,APPROVED,2022-11-11T01:59:54.310000Z,2022-11-11T02:00:34.958000Z,2022-11-11T02:00:36.010000,2022-11-11T02:00:35.942943Z,41,C109FFJY,499,Secondary education (e.g. GED/GCSE),75,Female,White,United States,United States,United States,English,No,"Not in paid work (e.g. homemaker', 'retired or disabled)"
636dacf3750dd6040bbdd40c,60aef480e194cd288065cf03,APPROVED,2022-11-11T02:01:25.022000Z,2022-11-11T02:02:04.190000Z,2022-12-02T00:00:26.679000,2022-11-11T02:02:04.554248Z,40,NOCODE,549,Secondary education (e.g. GED/GCSE),41,Female,White,United States,United States,United States,English,No,"Not in paid work (e.g. homemaker', 'retired or disabled)"
636dae5d173d97dda4c23894,611b38dea7f1754225fa39bf,APPROVED,2022-11-11T02:07:36.306000Z,2022-11-11T02:08:12.685000Z,2022-11-11T02:08:13.085000,2022-11-11T02:08:13.025003Z,37,C109FFJY,1389,Secondary education (e.g. GED/GCSE),22,Female,White,United States,United States,United States,English,Yes,Part-Time
636db020969eb0338752d5c8,62e7a938dcfa4bc87aca18f4,APPROVED,2022-11-11T02:14:59.920000Z,2022-11-11T02:15:40.804000Z,2022-11-11T02:15:41.169000,2022-11-11T02:15:41.109859Z,41,C109FFJY,331,Secondary education (e.g. GED/GCSE),29,Male,White,United States,United States,United States,English,No,Part-Time
636db37ae6d241ed41022719,62b813d3ed6e57307ab08dda,APPROVED,2022-11-11T02:29:18.728000Z,2022-11-11T02:31:15.165000Z,2022-12-02T00:00:26.789000,2022-11-11T02:31:15.563692Z,117,NOCODE,242,Secondary education (e.g. GED/GCSE),28,Female,Mixed,United States,United States,United States,English,Yes,Part-Time
636db5f3c2b05d6eb4b839aa,62f975cbc3507ecf77180d00,APPROVED,2022-11-11T02:39:49.563000Z,2022-11-11T02:40:18.085000Z,2022-11-11T02:40:18.516000,2022-11-11T02:40:18.465644Z,29,C109FFJY,294,Secondary education (e.g. GED/GCSE),19,Male,White,United States,United States,United States,English,Yes,Unemployed (and job seeking)
636dbcbad7e96506bd0226ea,580c7b88357e890001dd139b,APPROVED,2022-11-11T03:08:47.606000Z,2022-11-11T03:09:14.404000Z,2022-11-11T03:09:14.959000,2022-11-11T03:09:14.898057Z,27,C109FFJY,400,Secondary education (e.g. GED/GCSE),36,Female,White,United States,United States,United States,English,No,Full-Time
636dc3e6dd05c5963e039205,632cafe32ff306f698e26991,APPROVED,2022-11-11T03:39:21.334000Z,2022-11-11T03:40:53.937000Z,2022-11-11T03:40:54.376000,2022-11-11T03:40:54.318581Z,93,C109FFJY,83,Secondary education (e.g. GED/GCSE),26,Male,Mixed,United States,United States,United States,English,No,DATA_EXPIRED
636dc7c84e5d91f440d4048d,60da75d30050514a61594bc7,APPROVED,2022-11-11T03:55:55.198000Z,2022-11-11T03:56:49.903000Z,2022-12-02T00:00:26.901000,2022-11-11T03:56:50.747610Z,55,NOCODE,346,Secondary education (e.g. GED/GCSE),31,Female,White,United States,United States,United States,DATA_EXPIRED,No,"Not in paid work (e.g. homemaker', 'retired or disabled)"
636ddc3bb720704f89ef3263,636155188c3d0cbe9b1c674c,APPROVED,2022-11-11T05:23:07.819000Z,2022-11-11T05:25:11.790000Z,2022-12-02T00:00:27.014000,2022-11-11T05:25:12.129993Z,124,NOCODE,2,Secondary education (e.g. GED/GCSE),42,Female,White,DATA_EXPIRED,United States,United States,English,DATA_EXPIRED,DATA_EXPIRED
636dea423e7b84b0cbef3267,6290fcf17c10b137ca68d81d,APPROVED,2022-11-11T06:22:58.333000Z,2022-11-11T06:23:40.795000Z,2022-11-11T06:23:41.251000,2022-11-11T06:23:41.191914Z,43,C109FFJY,5,Secondary education (e.g. GED/GCSE),35,Female,White,United States,United States,United States,English,No,DATA_EXPIRED
636dee63061e375f0baaeddf,62fb59166b94e6240417f7c7,APPROVED,2022-11-11T06:40:38.910000Z,2022-11-11T06:41:52.089000Z,2022-12-02T00:00:27.128000,2022-11-11T06:41:52.441811Z,74,NOCODE,201,Secondary education (e.g. GED/GCSE),57,Male,White,United States,United States,United States,English,No,"Not in paid work (e.g. homemaker', 'retired or disabled)"
636dfa2323b906dee6aaedff,636148f9ee2018e501d67e5b,APPROVED,2022-11-11T07:30:49.870000Z,2022-11-11T07:31:42.281000Z,2022-12-02T00:00:27.235000,2022-11-11T07:31:42.600312Z,53,NOCODE,11,Secondary education (e.g. GED/GCSE),25,Male,Other,DATA_EXPIRED,United States,United States,English,DATA_EXPIRED,DATA_EXPIRED
636e41eba7e0f7fa275b21c0,5f93a74574ea7c18489df9a5,APPROVED,2022-11-11T12:37:02.220000Z,2022-11-11T12:37:51.126000Z,2022-12-02T00:00:27.356000,2022-11-11T12:37:51.511313Z,49,NOCODE,62,Secondary education (e.g. GED/GCSE),38,Male,White,United States,United States,United States,English,No,Full-Time
636e48e04af68ba3b1813a41,5fbead0dc32181085395e4b3,APPROVED,2022-11-11T13:06:43.577000Z,2022-11-11T13:07:08.721000Z,2022-11-11T13:07:09.414000,2022-11-11T13:07:09.337537Z,26,C109FFJY,982,Secondary education (e.g. GED/GCSE),24,Male,White,United States,United States,United States,English,No,Unemployed (and job seeking)
636e513f94b3e366457e4bdd,5efe6daf6a2551378201893e,APPROVED,2022-11-11T13:42:26.995000Z,2022-11-11T13:43:11.035000Z,2022-12-02T00:00:27.465000,2022-11-11T13:43:11.551277Z,45,NOCODE,1471,Secondary education (e.g. GED/GCSE),51,Male,White,United States,United States,United States,English,No,Other
636e5271ed4eae22f57c8511,62b9c226930a8720df173e61,APPROVED,2022-11-11T13:47:34.113000Z,2022-11-11T13:48:24.573000Z,2022-12-02T00:00:27.578000,2022-11-11T13:48:24.940925Z,51,NOCODE,92,Secondary education (e.g. GED/GCSE),27,Male,Other,United States,United States,United States,English,Yes,Full-Time
636e560def5e82216f7e4c09,55b67c31fdf99b26b999cc1e,APPROVED,2022-11-11T14:02:56.163000Z,2022-11-11T14:03:27.639000Z,2022-11-11T14:03:28.073000,2022-11-11T14:03:28.010494Z,32,C109FFJY,2805,Secondary education (e.g. GED/GCSE),41,Female,White,United States,United States,United States,English,No,Full-Time
636e5758a62b5cb24187aa1b,614dd661c1fb4b13a7e99d64,APPROVED,2022-11-11T14:08:26.690000Z,2022-11-11T14:09:32.798000Z,2022-12-02T00:00:27.725000,2022-11-11T14:09:33.217984Z,67,NOCODE,667,Secondary education (e.g. GED/GCSE),40,Male,White,United States,United States,United States,English,No,"Not in paid work (e.g. homemaker', 'retired or disabled)"
636e58470315b6cbe487a9c1,61095beca1f18a14707aee38,APPROVED,2022-11-11T14:12:25.642000Z,2022-11-11T14:12:54.660000Z,2022-11-11T14:12:55.059000,2022-11-11T14:12:55.003746Z,30,C109FFJY,496,Secondary education (e.g. GED/GCSE),21,Female,White,United States,United States,United States,English,No,Full-Time
636e65b2b2b4f4bf35a2356a,5c55c45f53fba80001bcf323,APPROVED,2022-11-11T15:09:41.749000Z,2022-11-11T15:10:11.257000Z,2022-12-02T00:00:27.836000,2022-11-11T15:10:11.682546Z,30,NOCODE,1780,Secondary education (e.g. GED/GCSE),31,Female,Mixed,United States,United States,United States,English,No,Unemployed (and job seeking)
636e681ec365d56985b30747,5dc4c22f0389e438ac69eac9,APPROVED,2022-11-11T15:20:04.006000Z,2022-11-11T15:21:44.296000Z,2022-12-02T00:00:27.947000,2022-11-11T15:21:44.774975Z,101,NOCODE,33,Secondary education (e.g. GED/GCSE),36,Female,Black,United States,United States,United States,English,No,Full-Time
636e6ecd09a4b3136e17ea44,6317541b216a5c408fb54085,APPROVED,2022-11-11T15:48:31.672000Z,2022-11-11T15:49:12.079000Z,2022-12-02T00:00:28.058000,2022-11-11T15:49:12.461807Z,41,NOCODE,90,Secondary education (e.g. GED/GCSE),21,Prefer not to say,White,United States,United States,United States,English,Yes,Part-Time
636e70f3dcb90989ef4a65e8,631ffc3584141f143567f021,APPROVED,2022-11-11T15:57:42.617000Z,2022-11-11T15:58:32.942000Z,2022-12-02T00:00:28.172000,2022-11-11T15:58:33.271922Z,51,NOCODE,124,Secondary education (e.g. GED/GCSE),21,Male,White,United States,United States,United States,English,No,Other
636e71d8b57738c6661bba6a,5d7f79e7e41ee70018d9164a,APPROVED,2022-11-11T16:01:30.945000Z,2022-11-11T16:03:04.973000Z,2022-11-11T16:03:05.445000,2022-11-11T16:03:05.379390Z,95,C109FFJY,1475,Secondary education (e.g. GED/GCSE),39,Female,White,United States,United States,United States,English,No,Full-Time
636e7fdfb9a1cd4fcc1bb9f0,5d3c88c00e510a00013df5f1,APPROVED,2022-11-11T17:01:23.905000Z,2022-11-11T17:02:10.494000Z,2022-11-11T17:02:12.050000,2022-11-11T17:02:11.974195Z,47,C109FFJY,441,Secondary education (e.g. GED/GCSE),35,Female,White,United States,United States,United States,English,No,"Not in paid work (e.g. homemaker', 'retired or disabled)"
636e89b0435bb3455006b9a2,5f4941b3030fef46cc14ec2b,APPROVED,2022-11-11T17:43:12.338000Z,2022-11-11T17:45:33.992000Z,2022-12-02T00:00:28.284000,2022-11-11T17:45:34.422026Z,142,NOCODE,532,Secondary education (e.g. GED/GCSE),48,Female,White,United States,United States,United States,English,No,"Not in paid work (e.g. homemaker', 'retired or disabled)"
636e8ceee05a9d9411e6d677,589f84ba27c3bb00014e6ab4,APPROVED,2022-11-11T17:57:05.361000Z,2022-11-11T17:57:57Z,2022-11-11T17:57:57.604000,2022-11-11T17:57:57.546685Z,52,C109FFJY,1545,Secondary education (e.g. GED/GCSE),28,Female,White,United States,United States,United States,English,No,"Not in paid work (e.g. homemaker', 'retired or disabled)"
636e8f94c15785f1c1a65d78,632c0075227e9b734c80424d,APPROVED,2022-11-11T18:08:23.643000Z,2022-11-11T18:09:17.144000Z,2022-12-02T00:00:28.415000,2022-11-11T18:09:17.489704Z,54,NOCODE,246,Secondary education (e.g. GED/GCSE),37,Male,White,United States,United States,United States,English,No,Part-Time
636e91b5b49cb7ab099dc7ab,62853fe01fa0d21c4daacfcb,APPROVED,2022-11-11T18:17:28.595000Z,2022-11-11T18:18:29.025000Z,2022-11-11T18:18:29.424000,2022-11-11T18:18:29.362413Z,61,C109FFJY,509,Secondary education (e.g. GED/GCSE),25,Male,Black,United States,United States,United States,English,No,"Not in paid work (e.g. homemaker', 'retired or disabled)"
636e91c5ba27104f1ff3f842,5cd8d86210887400182db201,APPROVED,2022-11-11T18:17:47.012000Z,2022-11-11T18:18:53.003000Z,2022-11-11T18:18:53.461000,2022-11-11T18:18:53.379044Z,66,C109FFJY,2230,Secondary education (e.g. GED/GCSE),38,Female,Black,United States,United States,United States,English,No,Full-Time
636e923186c7ab88794417c5,60fd706bb974c035ddbfc0e7,APPROVED,2022-11-11T18:19:31.988000Z,2022-11-11T18:20:14.363000Z,2022-12-02T00:00:28.530000,2022-11-11T18:20:14.768948Z,43,NOCODE,61,Secondary education (e.g. GED/GCSE),20,Female,White,United States,United States,United States,English,Yes,DATA_EXPIRED
636e9591f665f7cf9b4a65f6,600dab8134acba5b50136b19,APPROVED,2022-11-11T18:33:57.497000Z,2022-11-11T18:34:52.079000Z,2022-11-11T18:34:52.576000,2022-11-11T18:34:52.488793Z,55,C109FFJY,725,Secondary education (e.g. GED/GCSE),29,Female,White,United States,United States,United States,English,No,Full-Time
636e9c47501fa12011c885e5,6150fb8383f88eae3e5c795a,APPROVED,2022-11-11T19:02:35.673000Z,2022-11-11T19:03:40.207000Z,2022-12-02T00:00:28.640000,2022-11-11T19:03:40.613883Z,65,NOCODE,418,Secondary education (e.g. GED/GCSE),36,Male,White,United States,United States,United States,English,No,Full-Time
636e9c8f376ca109935e7120,5fcaa3f3d991a9748f8b9e1c,APPROVED,2022-11-11T19:03:48.980000Z,2022-11-11T19:05:34.198000Z,2022-11-11T19:05:34.634000,2022-11-11T19:05:34.556346Z,106,C109FFJY,1621,Secondary education (e.g. GED/GCSE),48,Female,Black,United States,United States,United States,English,Yes,Full-Time
636ea1446de5f1226dbd2a5c,62865cb9d41a9e2aaf141c84,APPROVED,2022-11-11T19:23:51.665000Z,2022-11-11T19:24:21.048000Z,2022-11-11T19:24:21.551000,2022-11-11T19:24:21.460977Z,30,C109FFJY,882,Secondary education (e.g. GED/GCSE),31,Male,White,United States,United States,United States,English,No,Full-Time
636ea31ca86a4b6e1d9eb5ce,5cbe7fdb82218d00172aa4f3,APPROVED,2022-11-11T19:31:47.937000Z,2022-11-11T19:33:15.143000Z,2022-11-11T19:33:15.631000,2022-11-11T19:33:15.576814Z,88,C109FFJY,3010,Secondary education (e.g. GED/GCSE),63,Female,White,United States,United States,United States,English,No,"Not in paid work (e.g. homemaker', 'retired or disabled)"
636ea6cbe2a21b28c2441811,60d5ff02fef54b0399953c12,APPROVED,2022-11-11T19:47:24.929000Z,2022-11-11T19:47:58.170000Z,2022-11-11T19:47:58.612000,2022-11-11T19:47:58.513160Z,34,C109FFJY,264,Secondary education (e.g. GED/GCSE),22,Male,White,United States,United States,United States,English,Yes,Unemployed (and job seeking)
636eb00e11e9a9c008c5e41c,61fa947a5719bc09cb834f5b,APPROVED,2022-11-11T20:26:57.409000Z,2022-11-11T20:27:35.301000Z,2022-12-02T00:00:28.753000,2022-11-11T20:27:35.652024Z,38,NOCODE,690,Secondary education (e.g. GED/GCSE),32,Female,White,United States,United States,United States,English,DATA_EXPIRED,Other
636ec63c46abb61d9ea59cbb,614faec89136e6e4aebe7dfc,APPROVED,2022-11-11T22:01:36.316000Z,2022-11-11T22:02:29.852000Z,2022-11-11T22:02:30.258000,2022-11-11T22:02:30.197037Z,54,C109FFJY,224,Secondary education (e.g. GED/GCSE),49,Female,White,United States,United States,United States,English,No,"Not in paid work (e.g. homemaker', 'retired or disabled)"
636ece8844a109fe173b34b6,612be52c615057eb7b5f243c,APPROVED,2022-11-11T22:37:10.522000Z,2022-11-11T22:38:14.334000Z,2022-12-02T00:00:28.870000,2022-11-11T22:38:14.756318Z,64,NOCODE,388,Secondary education (e.g. GED/GCSE),32,Female,White,United States,United States,United States,English,No,"Not in paid work (e.g. homemaker', 'retired or disabled)"
636ee9ebbf104d337dbcc189,6312f1a8321f5ec52a6a8a19,APPROVED,2022-11-12T00:33:50.154000Z,2022-11-12T00:35:13.992000Z,2022-11-12T00:35:14.444000,2022-11-12T00:35:14.371097Z,84,C109FFJY,147,Secondary education (e.g. GED/GCSE),37,Male,White,United States,United States,United States,English,No,Full-Time
636eed9194acc744f792380a,5c103559919ffb0001833864,APPROVED,2022-11-12T00:49:24.380000Z,2022-11-12T00:50:11.013000Z,2022-12-03T00:00:13.486000,2022-11-12T00:50:11.398845Z,47,NOCODE,198,Secondary education (e.g. GED/GCSE),31,Female,White,United States,United States,United States,English,DATA_EXPIRED,DATA_EXPIRED
636f005d988f668c159fde7d,5fe1bda08bcb1fc65fe89d91,APPROVED,2022-11-12T02:09:36.095000Z,2022-11-12T02:10:39.203000Z,2022-11-12T02:10:39.632000,2022-11-12T02:10:39.565141Z,64,C109FFJY,1086,Secondary education (e.g. GED/GCSE),26,Female,White,United States,United States,United States,English,No,Other
636f07ec66f89b5bc30d565c,6361549b0d09a7c730e48290,APPROVED,2022-11-12T02:41:48.647000Z,2022-11-12T02:42:51.570000Z,2022-12-03T00:00:13.606000,2022-11-12T02:42:51.983736Z,63,NOCODE,16,Secondary education (e.g. GED/GCSE),32,Male,Other,United States,United States,United States,English,No,Unemployed (and job seeking)
636f1e0e5be9983ab39dc797,602f8f486ef6bdc8803f83e2,APPROVED,2022-11-12T04:16:19.365000Z,2022-11-12T04:17:38.736000Z,2022-11-12T04:17:39.116000,2022-11-12T04:17:39.055172Z,80,C109FFJY,223,Secondary education (e.g. GED/GCSE),31,Female,Mixed,United States,United States,United States,English,No,Full-Time
636f23a190e263944bc8859c,5ee40b570bc82d0f72dc6556,APPROVED,2022-11-12T04:40:05.041000Z,2022-11-12T04:44:21.921000Z,2022-11-12T04:44:22.331000,2022-11-12T04:44:22.269407Z,257,C109FFJY,841,Secondary education (e.g. GED/GCSE),20,Female,White,United States,United States,United States,English,No,"Not in paid work (e.g. homemaker', 'retired or disabled)"
636f54887632dcabdbc87f6f,631af95dee3b463a87406cd8,APPROVED,2022-11-12T08:08:43.226000Z,2022-11-12T08:09:20.489000Z,2022-12-03T00:00:13.724000,2022-11-12T08:09:20.878445Z,38,NOCODE,234,Secondary education (e.g. GED/GCSE),33,Male,Mixed,United States,United States,United States,English,No,"Not in paid work (e.g. homemaker', 'retired or disabled)"
636f6763327d18ed2ff3f7e2,62769797db0ff6f93df21cda,APPROVED,2022-11-12T09:29:07.655000Z,2022-11-12T09:34:40.052000Z,2022-11-12T09:34:40.438000,2022-11-12T09:34:40.376130Z,333,C109FFJY,152,Secondary education (e.g. GED/GCSE),40,Male,White,United States,United States,United States,English,DATA_EXPIRED,DATA_EXPIRED
636f9b03fe939dd191305428,5bcd36c73a99c4000153b53b,APPROVED,2022-11-12T13:09:38.565000Z,2022-11-12T13:10:47.393000Z,2022-11-12T13:10:47.810000,2022-11-12T13:10:47.743878Z,69,C109FFJY,483,Secondary education (e.g. GED/GCSE),37,Male,Black,United States,United States,United States,English,No,"Not in paid work (e.g. homemaker', 'retired or disabled)"
636fb25ec00b4a9f7094c070,6324f8ef8e2efea43c5d06e6,APPROVED,2022-11-12T14:49:08.519000Z,2022-11-12T14:49:36.121000Z,2022-11-12T14:49:36.569000,2022-11-12T14:49:36.501451Z,28,C109FFJY,33,Secondary education (e.g. GED/GCSE),33,Male,White,United States,United States,United States,English,No,Unemployed (and job seeking)
636fc12fbb31816af8441833,5c88c205f76b260001681733,APPROVED,2022-11-12T15:52:20.167000Z,2022-11-12T15:53:33.350000Z,2022-12-03T00:00:13.840000,2022-11-12T15:53:33.732681Z,74,NOCODE,724,Secondary education (e.g. GED/GCSE),58,Female,White,United States,United States,United States,English,DATA_EXPIRED,DATA_EXPIRED
636fc348a04d026772a59cc4,631a5e886ab21d522f83e58e,APPROVED,2022-11-12T16:01:16.901000Z,2022-11-12T16:01:47.347000Z,2022-12-03T00:00:13.954000,2022-11-12T16:01:47.697179Z,31,NOCODE,110,Secondary education (e.g. GED/GCSE),36,Male,White,United States,United States,United States,English,No,Full-Time
636fe09f391b51be593b34bc,5eea537ffd89d01283ffac22,APPROVED,2022-11-12T18:06:26.419000Z,2022-11-12T18:08:15.408000Z,2022-11-12T18:08:15.890000,2022-11-12T18:08:15.833386Z,109,C109FFJY,764,Secondary education (e.g. GED/GCSE),29,Female,White,United States,United States,United States,English,No,DATA_EXPIRED
63700fab7824e234f29c637a,617372f2d708eb69eccac9bf,APPROVED,2022-11-12T21:27:12.130000Z,2022-11-12T21:28:03.793000Z,2022-11-12T21:28:04.838000,2022-11-12T21:28:04.777149Z,52,C109FFJY,488,Secondary education (e.g. GED/GCSE),29,Female,White,United States,United States,United States,English,No,Part-Time
63701d7c66f418a375106724,610b6fddbfad670dcb443bd1,APPROVED,2022-11-12T22:26:06.250000Z,2022-11-12T22:26:37.405000Z,2022-11-12T22:26:37.873000,2022-11-12T22:26:37.814309Z,32,C109FFJY,699,Secondary education (e.g. GED/GCSE),21,Male,White,United States,United States,United States,English,Yes,Other
63702fc5759392303e3b34f1,616b8139551b94321313af3e,APPROVED,2022-11-12T23:45:01.540000Z,2022-11-12T23:46:22.178000Z,2022-12-03T00:00:14.074000,2022-11-12T23:46:22.547380Z,81,NOCODE,1214,Secondary education (e.g. GED/GCSE),47,Female,Mixed,United States,United States,United States,English,DATA_EXPIRED,Other
63705b47e724834efe9eb601,60fdd6065200f6120a01fba5,APPROVED,2022-11-13T02:49:48.714000Z,2022-11-13T02:50:45.020000Z,2022-11-13T02:50:45.421000,2022-11-13T02:50:45.352052Z,57,C109FFJY,807,Secondary education (e.g. GED/GCSE),52,Female,White,United States,United States,United States,English,No,"Not in paid work (e.g. homemaker', 'retired or disabled)"
6370629eaa6e28f84e9fdeda,5e60460125834138aae85307,APPROVED,2022-11-13T03:21:05.272000Z,2022-11-13T03:21:53.333000Z,2022-11-13T03:21:53.779000,2022-11-13T03:21:53.727552Z,49,C109FFJY,239,Secondary education (e.g. GED/GCSE),23,Male,White,United States,United States,United States,English,Yes,Part-Time
637090ac7792b28b51a65d20,60255cc2f0319509011ac0a8,APPROVED,2022-11-13T06:37:34.974000Z,2022-11-13T06:39:11.437000Z,2022-11-13T06:39:11.896000,2022-11-13T06:39:11.839821Z,97,C109FFJY,630,Secondary education (e.g. GED/GCSE),42,Female,White,United States,United States,United States,English,No,Part-Time
6370a2ed9215ca641e87a9e4,63616c1f79c995ecf0c8d8d2,APPROVED,2022-11-13T07:55:37.826000Z,2022-11-13T07:56:53.947000Z,2022-11-13T07:56:54.332000,2022-11-13T07:56:54.264739Z,77,C109FFJY,6,Secondary education (e.g. GED/GCSE),36,Male,White,United States,United States,United States,English,No,Unemployed (and job seeking)
6370ba4095b2c71d09bcc170,5d7c4978e34654001a80f1ba,APPROVED,2022-11-13T09:35:00.661000Z,2022-11-13T09:35:38.586000Z,2022-11-13T09:35:39.217000,2022-11-13T09:35:39.112033Z,38,C109FFJY,1191,Secondary education (e.g. GED/GCSE),34,Female,White,United States,United States,United States,English,No,Unemployed (and job seeking)
6370de08ba1b16d14e7e4c2b,5ee37cae69bfc40009a26ac0,APPROVED,2022-11-13T12:07:42.057000Z,2022-11-13T12:08:39.005000Z,2022-11-13T12:08:39.449000,2022-11-13T12:08:39.365385Z,57,C109FFJY,416,Secondary education (e.g. GED/GCSE),60,Female,White,United States,United States,United States,English,DATA_EXPIRED,DATA_EXPIRED
63710de65697d8dcea11fd4e,63156db7717be8c0c873866e,APPROVED,2022-11-13T15:31:53.620000Z,2022-11-13T15:32:46.912000Z,2022-12-04T00:00:16.340000,2022-11-13T15:32:47.386172Z,54,NOCODE,136,Secondary education (e.g. GED/GCSE),42,Male,White,United States,United States,United States,English,No,Unemployed (and job seeking)
63712b07cc9c8e875bf3f832,5af09ff00eca060001b1379c,APPROVED,2022-11-13T17:36:10.409000Z,2022-11-13T17:37:08.465000Z,2022-11-13T17:37:08.855000,2022-11-13T17:37:08.800783Z,59,C109FFJY,2251,Secondary education (e.g. GED/GCSE),51,Female,Black,United States,United States,United States,English,No,Part-Time
63713f6221080cf4943b34c3,60fcf1aa4c76b655673eedf8,APPROVED,2022-11-13T19:03:02.019000Z,2022-11-13T19:03:42.448000Z,2022-11-13T19:03:42.847000,2022-11-13T19:03:42.791091Z,41,C109FFJY,209,Secondary education (e.g. GED/GCSE),25,Female,White,United States,United States,United States,English,Yes,Unemployed (and job seeking)
63714002e17a7de52c94c0d0,5e2539fedc1a177a63796efc,APPROVED,2022-11-13T19:05:38.047000Z,2022-11-13T19:06:55.411000Z,2022-11-13T19:06:55.838000,2022-11-13T19:06:55.770851Z,78,C109FFJY,228,Secondary education (e.g. GED/GCSE),59,Female,White,United States,United States,United States,English,No,"Not in paid work (e.g. homemaker', 'retired or disabled)"
6371909efd2ca6b7abdd6125,60b6c87613dc76ae924ce0d0,APPROVED,2022-11-14T00:49:37.310000Z,2022-11-14T00:50:34.033000Z,2022-11-14T00:50:34.506000,2022-11-14T00:50:34.457055Z,57,C109FFJY,703,Secondary education (e.g. GED/GCSE),41,Male,Black,United States,United States,United States,English,No,Full-Time
6371c3a42ba826d171dd612b,6010bba4cef0db4298d8cd48,APPROVED,2022-11-14T04:27:19.759000Z,2022-11-14T04:28:24.460000Z,2022-11-14T04:28:24.914000,2022-11-14T04:28:24.859848Z,65,C109FFJY,500,Secondary education (e.g. GED/GCSE),34,Female,Other,United States,United States,United States,English,DATA_EXPIRED,Full-Time
63728a3d4f73fc61af3881ec,608470c74942e7ffbe527dfc,APPROVED,2022-11-14T18:34:41.062000Z,2022-11-14T18:35:22.607000Z,2022-11-14T18:35:24.030000Z,2022-11-14T18:35:24.546894Z,42,C109FFJY,695,Secondary education (e.g. GED/GCSE),64,Female,White,United States,United States,United States,English,DATA_EXPIRED,Part-Time
6372946fdc85d75c911db724,6362aca86b740b1ec4cb6efb,APPROVED,2022-11-14T19:18:09.659000Z,2022-11-14T19:18:32.419000Z,2022-11-14T19:18:32.858000,2022-11-14T19:18:32.765815Z,23,C109FFJY,28,Secondary education (e.g. GED/GCSE),38,Male,White,United States,United States,United States,English,No,DATA_EXPIRED
637298101a79677a00d766da,61140514150f4cdab3ba1f21,APPROVED,2022-11-14T19:33:39.090000Z,2022-11-14T19:34:51.172000Z,2022-11-14T19:34:51.615000,2022-11-14T19:34:51.558623Z,73,C109FFJY,1076,Secondary education (e.g. GED/GCSE),28,Female,Other,United States,United States,United States,Spanish,No,Unemployed (and job seeking)
63729e9a7a20824b9ecb86ea,5eb310b0a71e350db017dd05,APPROVED,2022-11-14T20:01:32.739000Z,2022-11-14T20:02:01.770000Z,2022-12-05T00:00:29.107000,2022-11-14T20:02:02.127271Z,30,NOCODE,321,Secondary education (e.g. GED/GCSE),40,Male,White,United States,United States,United States,English,No,Full-Time
63729f0593124980402f0f71,5f52d796ff7e035e3f101e39,APPROVED,2022-11-14T20:03:25.417000Z,2022-11-14T20:04:31.322000Z,2022-12-05T00:00:29.219000,2022-11-14T20:04:31.700925Z,66,NOCODE,58,Secondary education (e.g. GED/GCSE),22,Female,White,United States,United States,United States,English,DATA_EXPIRED,DATA_EXPIRED
6372ca3e0e6a031c3dd9851a,6027cd5a33fc135e0eab4061,APPROVED,2022-11-14T23:07:45.203000Z,2022-11-14T23:08:26.367000Z,2022-12-05T00:00:29.367000,2022-11-14T23:08:26.707375Z,42,NOCODE,180,Secondary education (e.g. GED/GCSE),37,Female,White,United States,United States,United States,English,No,"Not in paid work (e.g. homemaker', 'retired or disabled)"
6372cab8c3d159c11903de27,61538c2962a04fad092a8b37,APPROVED,2022-11-14T23:09:50.528000Z,2022-11-14T23:10:33.907000Z,2022-11-14T23:10:34.387000,2022-11-14T23:10:34.318962Z,44,C109FFJY,607,Secondary education (e.g. GED/GCSE),38,Female,White,United States,United States,United States,English,No,Full-Time
6372cf501abd1b5809c435d1,5f9c9e203d44de174d8f4f6c,APPROVED,2022-11-14T23:29:24.052000Z,2022-11-14T23:30:05.267000Z,2022-11-14T23:30:05.625000,2022-11-14T23:30:05.574712Z,42,C109FFJY,840,Secondary education (e.g. GED/GCSE),34,Female,White,United States,United States,United States,English,No,Unemployed (and job seeking)
6372d801593165d086086f02,606ca69aaab08c005f42092c,APPROVED,2022-11-15T00:06:28.158000Z,2022-11-15T00:07:03.023000Z,2022-12-06T00:00:12.130000,2022-11-15T00:07:03.378091Z,35,NOCODE,755,Secondary education (e.g. GED/GCSE),35,Female,White,United States,United States,United States,English,No,"Not in paid work (e.g. homemaker', 'retired or disabled)"
6372e7efd34a1024912d7b49,5f1b2816e83bcd2d4563a28b,APPROVED,2022-11-15T01:14:28.949000Z,2022-11-15T01:15:17.101000Z,2022-12-06T00:00:12.259000,2022-11-15T01:15:17.443052Z,49,NOCODE,332,Secondary education (e.g. GED/GCSE),50,Female,White,United States,United States,United States,English,No,Unemployed (and job seeking)
6372ebad14be479c540114b7,62f708e4d875cdc4a05333c5,APPROVED,2022-11-15T01:30:28.071000Z,2022-11-15T01:31:15.042000Z,2022-12-06T00:00:12.365000,2022-11-15T01:31:15.361841Z,47,NOCODE,79,Secondary education (e.g. GED/GCSE),43,Male,Black,United States,United States,United States,English,No,Other
63734a37f2de1cefc499d5d6,631752de5476b145e0f6075c,APPROVED,2022-11-15T08:13:47.312000Z,2022-11-15T08:14:21.564000Z,2022-11-15T08:14:22.039000,2022-11-15T08:14:21.973766Z,35,C109FFJY,199,Secondary education (e.g. GED/GCSE),25,Male,White,United States,United States,United States,English,Yes,Unemployed (and job seeking)
63735ecc9eaa0ed6a1fad420,612bc011200c4fccee2d7b5b,APPROVED,2022-11-15T09:41:32.211000Z,2022-11-15T09:42:11.753000Z,2022-12-06T00:00:12.483000,2022-11-15T09:42:12.111001Z,40,NOCODE,246,Secondary education (e.g. GED/GCSE),33,Female,White,United States,United States,United States,English,No,Full-Time
63739e497cb8ccead4e71d8b,631b7e747ad94015bc372ca4,APPROVED,2022-11-15T14:12:27.607000Z,2022-11-15T14:12:50.657000Z,2022-11-15T14:12:51.133000,2022-11-15T14:12:51.059002Z,24,C109FFJY,242,Secondary education (e.g. GED/GCSE),30,Female,White,United States,United States,United States,English,No,Unemployed (and job seeking)
6373ac083197bc25a4404c79,5ef3966a0934120fc4c28c4b,APPROVED,2022-11-15T15:11:08.057000Z,2022-11-15T15:11:55.138000Z,2022-11-15T15:11:55.575000,2022-11-15T15:11:55.485034Z,48,C109FFJY,73,Secondary education (e.g. GED/GCSE),33,Female,White,United States,United States,United States,English,No,"Not in paid work (e.g. homemaker', 'retired or disabled)"
6373b203e91fae388efdfcb0,5c2ff645644d5300010c25f3,APPROVED,2022-11-15T15:36:38.537000Z,2022-11-15T15:37:31.302000Z,2022-11-15T15:37:31.832000,2022-11-15T15:37:31.755700Z,53,C109FFJY,1989,Secondary education (e.g. GED/GCSE),29,Female,White,United States,United States,United States,English,No,Unemployed (and job seeking)
6373b4a8f411d1ad2875f999,60a7c3e1e70934af63664a46,APPROVED,2022-11-15T15:47:56.029000Z,2022-11-15T15:48:58.395000Z,2022-11-15T15:48:58.809000,2022-11-15T15:48:58.754987Z,63,C109FFJY,653,Secondary education (e.g. GED/GCSE),19,Female,Mixed,United States,United States,United States,English,Yes,Part-Time
6373b5c82a4b0a6d942c4c69,60fdb2863dc080a0d285fc21,APPROVED,2022-11-15T15:52:47.396000Z,2022-11-15T15:54:24.119000Z,2022-12-06T00:00:12.610000,2022-11-15T15:54:26.875610Z,97,NOCODE,720,Secondary education (e.g. GED/GCSE),39,Female,White,United States,United States,United States,English,No,Full-Time
6373bc899bc61ecbaa034bab,636160b0c7170f08c87cbff0,APPROVED,2022-11-15T16:21:33.901000Z,2022-11-15T16:23:02.679000Z,2022-12-06T00:00:12.752000,2022-11-15T16:23:03.024908Z,89,NOCODE,9,Secondary education (e.g. GED/GCSE),31,Male,White,DATA_EXPIRED,United States,United States,English,DATA_EXPIRED,DATA_EXPIRED
6373d9fcd37820870d7b21e1,5d38c604b3126d0001fbed6e,APPROVED,2022-11-15T18:27:11.685000Z,2022-11-15T18:28:06.606000Z,2022-11-15T18:28:07.170000,2022-11-15T18:28:07.100729Z,55,C109FFJY,920,Secondary education (e.g. GED/GCSE),31,Female,White,United States,United States,United States,English,No,Full-Time
63742539442a3e9e6c86275b,630e9f15b8db9a4e94cb9f3f,APPROVED,2022-11-15T23:48:12.346000Z,2022-11-15T23:48:42.725000Z,2022-12-06T00:00:12.868000,2022-11-15T23:48:44.611612Z,31,NOCODE,80,Secondary education (e.g. GED/GCSE),24,Male,Mixed,United States,United States,United States,English,No,Unemployed (and job seeking)
63742d1c498f6ba609fa7b07,614af89a94339a92bf646754,APPROVED,2022-11-16T00:21:55.296000Z,2022-11-16T00:22:40.334000Z,2022-11-16T00:22:40.795000,2022-11-16T00:22:40.730051Z,46,C109FFJY,320,Secondary education (e.g. GED/GCSE),41,Female,White,United States,United States,United States,English,No,"Not in paid work (e.g. homemaker', 'retired or disabled)"
637433d7dca7b82930230c01,60fd9fbfb845fbe920c78885,APPROVED,2022-11-16T00:50:36.163000Z,2022-11-16T00:51:20.581000Z,2022-11-16T00:51:21.309000,2022-11-16T00:51:21.244763Z,45,C109FFJY,318,Secondary education (e.g. GED/GCSE),31,Female,White,United States,United States,United States,English,No,Full-Time
63743dc3c9c3e24f4e7b21bf,62fe34c166ae3fc3ec3db936,APPROVED,2022-11-16T01:32:55.506000Z,2022-11-16T01:33:47.883000Z,2022-12-07T00:00:18.231000,2022-11-16T01:33:48.513674Z,53,NOCODE,35,Secondary education (e.g. GED/GCSE),33,Male,White,DATA_EXPIRED,United States,United States,English,DATA_EXPIRED,DATA_EXPIRED
6374b3f90827854ace84c704,614fd205da476bd7f354cc95,APPROVED,2022-11-16T09:57:18.110000Z,2022-11-16T09:58:11.226000Z,2022-11-16T09:58:11.654000,2022-11-16T09:58:11.591681Z,54,C109FFJY,338,Secondary education (e.g. GED/GCSE),52,Female,White,United States,United States,United States,English,No,Full-Time
63750602c539df9392230c3f,5bdba05d19b9ba000157a348,APPROVED,2022-11-16T15:47:16.442000Z,2022-11-16T15:47:43.175000Z,2022-11-16T15:47:43.821000,2022-11-16T15:47:43.758146Z,27,C109FFJY,726,Secondary education (e.g. GED/GCSE),27,Female,White,United States,United States,United States,English,No,Unemployed (and job seeking)
63751521bbb7377633188e35,5f08f09335766e176ef35d43,APPROVED,2022-11-16T16:51:52.388000Z,2022-11-16T16:52:41.450000Z,2022-11-16T16:52:41.973000,2022-11-16T16:52:41.885838Z,50,C109FFJY,259,Secondary education (e.g. GED/GCSE),54,Female,White,United States,United States,United States,English,No,"Not in paid work (e.g. homemaker', 'retired or disabled)"
63753b7f86ea72a947604e8f,5d42abf3c9acd700010c41df,APPROVED,2022-11-16T19:35:29.633000Z,2022-11-16T19:37:51.892000Z,2022-11-16T19:37:52.314000,2022-11-16T19:37:52.251784Z,143,C109FFJY,163,Secondary education (e.g. GED/GCSE),27,Male,White,United States,United States,United States,English,No,Unemployed (and job seeking)
637541134ec008529a04d5fc,5d46619eb30ae50001578288,APPROVED,2022-11-16T19:59:20.572000Z,2022-11-16T20:04:05.691000Z,2022-12-07T00:00:18.339000,2022-11-16T20:04:07.653045Z,286,NOCODE,217,Secondary education (e.g. GED/GCSE),31,Female,White,United States,United States,United States,English,No,Full-Time
63754bde0682824dd27b2235,5e3cc28a194a520c0c128f13,APPROVED,2022-11-16T20:45:21.970000Z,2022-11-16T20:46:18.203000Z,2022-11-16T20:46:18.696000,2022-11-16T20:46:18.602786Z,57,C109FFJY,2292,Secondary education (e.g. GED/GCSE),53,Male,White,United States,United States,United States,English,No,Other
63756821d7a05c4004dc3ddd,5dea961cf4c5e11bd9c4058c,APPROVED,2022-11-16T22:45:56.923000Z,2022-11-16T22:46:26.488000Z,2022-11-16T22:46:28.043000Z,2022-11-16T22:46:28.905027Z,30,C109FFJY,393,Secondary education (e.g. GED/GCSE),25,Female,Asian,United States,United States,United States,English,No,Other
63757bda9b298814359d4f8e,6329bc8f80d4501faf9bbdc6,APPROVED,2022-11-17T00:10:47.934000Z,2022-11-17T00:11:28.006000Z,2022-11-17T00:11:28.466000,2022-11-17T00:11:28.396999Z,41,C109FFJY,33,Secondary education (e.g. GED/GCSE),20,Male,Mixed,United States,United States,United States,English,Yes,Part-Time
6375ab444e76a713bcd63676,62e02537aeee3cf7f450869e,APPROVED,2022-11-17T03:32:23.871000Z,2022-11-17T03:33:21.805000Z,2022-11-17T03:33:22.184000,2022-11-17T03:33:22.123727Z,58,C109FFJY,392,Secondary education (e.g. GED/GCSE),29,Female,White,United States,United States,United States,English,No,Other
6376c16d015ea5b813ee4da6,629ea4b7eac13d4b382c01ae,AWAITING REVIEW,2022-11-17T23:19:13.340000Z,2022-11-17T23:19:20.349000Z,,2022-11-17T23:19:21.616887Z,8,629ea4b7eac13d4b382c01ae,69,Secondary education (e.g. GED/GCSE),41,Male,White,United States,United States,United States,English,No,DATA_EXPIRED
63777c826c8044100a66fa53,6346a6d8da090a1afa055a92,AWAITING REVIEW,2022-11-18T12:37:30.073000Z,2022-11-18T12:38:39.817000Z,,2022-11-18T12:38:40.205210Z,70,NOCODE,14,Secondary education (e.g. GED/GCSE),39,Female,Black,DATA_EXPIRED,United States,United States,English,DATA_EXPIRED,DATA_EXPIRED
6377c45f55856a4fa3128758,5a6e5b8a0384310001948ab4,APPROVED,2022-11-18T17:44:03.036000Z,2022-11-18T17:44:37.419000Z,2022-11-18T17:44:37.888000,2022-11-18T17:44:37.820200Z,35,C109FFJY,907,Secondary education (e.g. GED/GCSE),33,Female,White,United States,United States,United States,English,No,Unemployed (and job seeking)
6377ec3b380d7ecfb16aec41,63114fcf2fc8f4d507560901,APPROVED,2022-11-18T20:34:06.336000Z,2022-11-18T20:34:47.506000Z,2022-11-18T20:34:47.864000,2022-11-18T20:34:47.807248Z,42,C109FFJY,272,Secondary education (e.g. GED/GCSE),36,Female,White,United States,United States,United States,English,No,"Not in paid work (e.g. homemaker', 'retired or disabled)"
637818ce5452d4bfd00f57d0,6362ab21cc450adf951bd6a7,APPROVED,2022-11-18T23:44:16.934000Z,2022-11-18T23:45:47.429000Z,2022-11-18T23:45:47.885000,2022-11-18T23:45:47.796053Z,91,C109FFJY,7,Secondary education (e.g. GED/GCSE),27,Male,White,United States,United States,United States,English,Yes,DATA_EXPIRED
6378239c85b2e907853158d8,5fd02fea84bdb809404020a2,AWAITING REVIEW,2022-11-19T00:30:24.592000Z,2022-11-19T00:30:59.803000Z,,2022-11-19T00:31:00.111698Z,36,NOCODE,684,Secondary education (e.g. GED/GCSE),27,Female,White,United States,United States,United States,English,Yes,"Not in paid work (e.g. homemaker', 'retired or disabled)"
63782d229f2c23e6326aec6c,5dd37881523df036fecff14d,AWAITING REVIEW,2022-11-19T01:11:06.985000Z,2022-11-19T01:11:34.458000Z,,2022-11-19T01:11:34.896828Z,28,NOCODE,1291,Secondary education (e.g. GED/GCSE),43,Male,White,United States,United States,United States,English,No,"Not in paid work (e.g. homemaker', 'retired or disabled)"
63793b2b21b287c0fa6aec66,611c23757abaf647e15742ef,APPROVED,2022-11-19T20:23:09.728000Z,2022-11-19T20:23:37.323000Z,2022-11-19T20:23:38.016000,2022-11-19T20:23:37.943763Z,28,C109FFJY,1173,Secondary education (e.g. GED/GCSE),34,Female,White,United States,United States,United States,English,No,Full-Time
637a7ca6f1c8e18f229d4f59,62e029813affb61d4f49ed85,AWAITING REVIEW,2022-11-20T19:14:48.780000Z,2022-11-20T19:15:18.566000Z,,2022-11-20T19:15:18.938909Z,30,NOCODE,497,Secondary education (e.g. GED/GCSE),40,Female,White,United States,United States,United States,English,No,Full-Time
637a9a35588a96f8350024f3,5c07361c96378a0001196024,APPROVED,2022-11-20T21:20:55.887000Z,2022-11-20T21:21:26.292000Z,2022-11-20T21:21:26.737000,2022-11-20T21:21:26.665847Z,31,C109FFJY,386,Secondary education (e.g. GED/GCSE),29,Female,White,United States,United States,United States,English,DATA_EXPIRED,DATA_EXPIRED
637aa0b6c6da5844076097f1,5ead868fe65d1f41dac2ebd4,AWAITING REVIEW,2022-11-20T21:48:46.693000Z,2022-11-20T21:49:48.933000Z,,2022-11-20T21:49:49.232003Z,63,NOCODE,754,Secondary education (e.g. GED/GCSE),24,Male,White,United States,United States,United States,English,DATA_EXPIRED,DATA_EXPIRED
637ad0be9497c51f0984c6e1,624472c412a175b605915572,APPROVED,2022-11-21T01:13:34.843000Z,2022-11-21T01:14:13.861000Z,2022-11-21T01:14:14.312000,2022-11-21T01:14:14.252106Z,40,C109FFJY,4,Secondary education (e.g. GED/GCSE),21,Female,White,DATA_EXPIRED,United States,United States,English,DATA_EXPIRED,DATA_EXPIRED
637adb9d07f7915f13a1cd88,630283a435b8cb240b6db679,APPROVED,2022-11-21T01:59:57.759000Z,2022-11-21T02:00:39.660000Z,2022-11-21T02:00:40.053000,2022-11-21T02:00:40.000559Z,42,C109FFJY,14,Secondary education (e.g. GED/GCSE),29,Male,White,United States,United States,United States,English,No,"Not in paid work (e.g. homemaker', 'retired or disabled)"
637aef274b7b3f8051a1cd49,5ad1dee393f87d00016ce40f,AWAITING REVIEW,2022-11-21T03:23:22.568000Z,2022-11-21T03:24:02.626000Z,,2022-11-21T03:24:04.124988Z,41,NOCODE,798,Secondary education (e.g. GED/GCSE),37,Female,Other,United States,United States,United States,English,No,Unemployed (and job seeking)
637ba4529b6e98326ebe15d7,5f4158913bd5ca2e871d63f4,AWAITING REVIEW,2022-11-21T16:16:56.267000Z,2022-11-21T16:18:34.546000Z,,2022-11-21T16:18:34.966109Z,99,NOCODE,104,Secondary education (e.g. GED/GCSE),38,Female,White,United States,United States,United States,English,Yes,Unemployed (and job seeking)
637bac0245248bf8ea57e3a2,6154f629ea84ccf09ac10f39,APPROVED,2022-11-21T16:49:10.911000Z,2022-11-21T16:49:48.634000Z,2022-11-21T16:49:49.191000,2022-11-21T16:49:49.118810Z,38,C109FFJY,423,Secondary education (e.g. GED/GCSE),23,Female,White,United States,United States,United States,English,No,Part-Time
637bae3797786547122fce3f,610d6fe6f9fcfeba763fc61d,APPROVED,2022-11-21T16:58:35.462000Z,2022-11-21T16:59:13.420000Z,2022-11-21T16:59:14.010000,2022-11-21T16:59:13.924279Z,38,C109FFJY,721,Secondary education (e.g. GED/GCSE),22,Female,Mixed,United States,United States,United States,English,No,Part-Time
637c91dd5bab376cf839e04c,6271603184240eab80a5722b,AWAITING REVIEW,2022-11-22T09:09:59.532000Z,2022-11-22T09:11:39.602000Z,,2022-11-22T09:11:40.019812Z,101,NOCODE,4,Secondary education (e.g. GED/GCSE),22,Male,White,DATA_EXPIRED,United States,United States,English,DATA_EXPIRED,DATA_EXPIRED
637d14aad9a320b21f8c9f07,591e09ccf233a70001df6e8c,AWAITING REVIEW,2022-11-22T18:27:57.587000Z,2022-11-22T18:28:42.913000Z,,2022-11-22T18:28:44.157424Z,46,NOCODE,193,Secondary education (e.g. GED/GCSE),24,Female,White,United States,United States,United States,English,No,Unemployed (and job seeking)
637d32dd99e639690c8baa5f,60bebaad355aa083fd9b8c60,APPROVED,2022-11-22T20:36:48.432000Z,2022-11-22T20:38:08.903000Z,2022-11-22T20:38:09.436000Z,2022-11-22T20:38:10.204190Z,81,C109FFJY,214,Secondary education (e.g. GED/GCSE),23,Female,Mixed,United States,United States,United States,English,No,"Not in paid work (e.g. homemaker', 'retired or disabled)"
637d5724a5d162845ef2109e,6319a895e5c1391750cca937,APPROVED,2022-11-22T23:11:35.655000Z,2022-11-22T23:12:15.384000Z,2022-11-22T23:12:15.951000,2022-11-22T23:12:15.882466Z,40,C109FFJY,215,Secondary education (e.g. GED/GCSE),29,Male,White,United States,United States,United States,English,No,Full-Time
637f0226e3c9cad60c7229e4,62cca0e41baf4e7ea8c7c61f,AWAITING REVIEW,2022-11-24T05:33:28.765000Z,2022-11-24T05:35:15.509000Z,,2022-11-24T05:35:15.872989Z,107,NOCODE,30,Secondary education (e.g. GED/GCSE),20,Male,White,United States,United States,United States,English,No,Full-Time
637fb1b2db3300de9c2b2a4e,62732b93260c9b7704b85540,APPROVED,2022-11-24T18:02:33.062000Z,2022-11-24T18:04:08.574000Z,2022-11-24T18:04:09.038000,2022-11-24T18:04:08.964410Z,96,C109FFJY,90,Secondary education (e.g. GED/GCSE),43,Male,White,United States,United States,United States,English,DATA_EXPIRED,DATA_EXPIRED
638077426c1b40de224289f7,631b01bd0283ae15b2d25cd0,AWAITING REVIEW,2022-11-25T08:05:27.238000Z,2022-11-25T08:06:45.329000Z,,2022-11-25T08:06:45.815405Z,79,NOCODE,178,Secondary education (e.g. GED/GCSE),33,Male,White,United States,United States,United States,English,No,Unemployed (and job seeking)
6381b0b42d2fe9eabbf7e09f,611ac4b4f5d6b42715dba99e,AWAITING REVIEW,2022-11-26T06:22:49.168000Z,2022-11-26T06:23:46.006000Z,,2022-11-26T06:23:46.352466Z,57,NOCODE,373,Secondary education (e.g. GED/GCSE),40,Male,White,United States,United States,United States,English,No,Full-Time
63823566af18423e7d9305b9,5a2dc611390d120001c70ac2,APPROVED,2022-11-26T15:48:57.473000Z,2022-11-26T15:49:29.264000Z,2022-11-26T15:49:29.745000,2022-11-26T15:49:29.673359Z,32,C109FFJY,778,Secondary education (e.g. GED/GCSE),30,Male,White,United States,United States,United States,English,No,Unemployed (and job seeking)
6382c85c5d94a9684bacd649,610ac699ad8b370074179962,APPROVED,2022-11-27T02:16:00.560000Z,2022-11-27T02:17:07.705000Z,2022-11-27T02:17:08.222000,2022-11-27T02:17:08.152367Z,68,C109FFJY,163,Secondary education (e.g. GED/GCSE),39,Female,White,United States,United States,United States,English,No,"Not in paid work (e.g. homemaker', 'retired or disabled)"
6382d7409d039f635a9b9c7a,60c19574351b619a4cb95e6d,APPROVED,2022-11-27T03:19:32.169000Z,2022-11-27T03:20:28.966000Z,2022-11-27T03:20:29.357000,2022-11-27T03:20:29.295691Z,57,C109FFJY,34,Secondary education (e.g. GED/GCSE),19,Male,White,United States,United States,United States,English,No,"Not in paid work (e.g. homemaker', 'retired or disabled)"
6382f9b6cea106e55ef7e0a8,591ed2c61c6d600001aafddd,APPROVED,2022-11-27T05:46:32.926000Z,2022-11-27T05:47:10.676000Z,2022-11-27T05:47:11.131000,2022-11-27T05:47:11.070261Z,38,C109FFJY,107,Secondary education (e.g. GED/GCSE),31,Female,White,United States,United States,United States,English,Yes,Part-Time
6383197f91ff049243f7e0a4,5a78e1f3aa46dd00016b310e,APPROVED,2022-11-27T08:02:10.352000Z,2022-11-27T08:02:37.695000Z,2022-11-27T08:02:38.198000,2022-11-27T08:02:38.149853Z,28,C109FFJY,303,Secondary education (e.g. GED/GCSE),24,Female,White,United States,United States,United States,English,No,Full-Time
6383b618d1e6aee7ee7e8d2d,5febed303ce806d4d1b352db,APPROVED,2022-11-27T19:10:21.504000Z,2022-11-27T19:11:25.803000Z,2022-11-27T19:11:26.310000,2022-11-27T19:11:26.227629Z,65,C109FFJY,98,Secondary education (e.g. GED/GCSE),21,Male,White,United States,United States,United States,English,No,Full-Time
6384284f60cc1aa08a4289c3,59f0f82ce75b450001a699ad,APPROVED,2022-11-28T03:17:40.742000Z,2022-11-28T03:18:37.906000Z,2022-11-28T03:18:38.344000,2022-11-28T03:18:38.276694Z,58,C109FFJY,1270,Secondary education (e.g. GED/GCSE),26,Female,White,United States,United States,United States,English,No,"Not in paid work (e.g. homemaker', 'retired or disabled)"
63848ea0be200f8ae5136705,5a0b8d4c7ecfc50001be130d,APPROVED,2022-11-28T10:34:14.015000Z,2022-11-28T10:37:36.017000Z,2022-11-28T10:37:36.468000,2022-11-28T10:37:36.401680Z,203,C109FFJY,1684,Secondary education (e.g. GED/GCSE),31,DATA_EXPIRED,Other,United States,United States,United States,English,Yes,"Not in paid work (e.g. homemaker', 'retired or disabled)"
638498343300a9ff65ade8fb,5ee2d96eac3291203650f16e,APPROVED,2022-11-28T11:15:02.570000Z,2022-11-28T11:15:29.300000Z,2022-11-28T11:15:29.761000,2022-11-28T11:15:29.687290Z,27,C109FFJY,1496,Secondary education (e.g. GED/GCSE),26,Male,White,United States,United States,United States,English,No,Unemployed (and job seeking)
6384d0d69c2d7516ed464ea1,5f6cefecb8137d13565d8c33,APPROVED,2022-11-28T15:16:42.052000Z,2022-11-28T15:17:08.113000Z,2022-11-28T15:17:08.959000,2022-11-28T15:17:08.861935Z,27,C109FFJY,1240,Secondary education (e.g. GED/GCSE),21,Female,White,United States,United States,United States,English,Yes,Part-Time
638543be8886366322f5fa07,610aaf651f5e36d3a76b199f,APPROVED,2022-11-28T23:26:56.642000Z,2022-11-28T23:27:27.903000Z,2022-11-28T23:27:28.377000,2022-11-28T23:27:28.299560Z,32,C109FFJY,380,Secondary education (e.g. GED/GCSE),21,Female,Other,United States,United States,United States,Spanish,Yes,Full-Time
63855466f44897134118bd78,63851c4704abc2c8d096c2f4,APPROVED,2022-11-29T00:38:11.506000Z,2022-11-29T00:40:11.696000Z,2022-11-29T00:40:12.171000,2022-11-29T00:40:12.112737Z,121,C109FFJY,1,Secondary education (e.g. GED/GCSE),55,Female,White,United States,United States,United States,English,No,DATA_EXPIRED
6385568cc83892bbb7c492ec,613e40bea120f6378a23ab22,AWAITING REVIEW,2022-11-29T00:47:15.203000Z,2022-11-29T00:48:06.293000Z,,2022-11-29T00:48:06.639480Z,52,NOCODE,136,Secondary education (e.g. GED/GCSE),19,Female,Other,United States,United States,United States,English,Yes,Other
6385b03e9977e11429e281c7,6095c58f673ef9aa5dafd4e2,AWAITING REVIEW,2022-11-29T07:09:55.149000Z,2022-11-29T07:11:15.112000Z,,2022-11-29T07:11:15.457630Z,80,NOCODE,457,Secondary education (e.g. GED/GCSE),26,Female,Black,United States,United States,United States,English,Yes,"Not in paid work (e.g. homemaker', 'retired or disabled)"
6385b222284515cb8699008a,61269b5e6112ad701857d46d,APPROVED,2022-11-29T07:17:58.235000Z,2022-11-29T07:18:47.058000Z,2022-11-29T07:18:47.475000,2022-11-29T07:18:47.391898Z,49,C109FFJY,472,Secondary education (e.g. GED/GCSE),43,Female,White,United States,United States,United States,English,No,Full-Time
6385f6af442bb68c86645c21,5e680c9f65bd0b0be56430a4,APPROVED,2022-11-29T12:10:26.184000Z,2022-11-29T12:10:54.763000Z,2022-11-29T12:10:55.224000,2022-11-29T12:10:55.128782Z,29,C109FFJY,705,Secondary education (e.g. GED/GCSE),34,Female,White,United States,United States,United States,English,No,"Not in paid work (e.g. homemaker', 'retired or disabled)"
63863b000546b1aeed8b1d09,63614a4856d50185749ffb4e,APPROVED,2022-11-29T17:01:57.281000Z,2022-11-29T17:02:31.096000Z,2022-11-29T17:02:31.624000,2022-11-29T17:02:31.553875Z,34,C109FFJY,5,Secondary education (e.g. GED/GCSE),30,Male,White,DATA_EXPIRED,United States,United States,English,DATA_EXPIRED,DATA_EXPIRED
63863d5f4eb58f5309d883d1,5bef317a2d982b0001059f44,AWAITING REVIEW,2022-11-29T17:12:04.479000Z,2022-11-29T17:13:01.192000Z,,2022-11-29T17:13:01.643156Z,57,NOCODE,267,Secondary education (e.g. GED/GCSE),25,Male,White,United States,United States,United States,English,No,"Not in paid work (e.g. homemaker', 'retired or disabled)"
638648b08b918d2e1cfdf818,627a949111093bf6cf062f93,APPROVED,2022-11-29T18:00:22.268000Z,2022-11-29T18:01:39.555000Z,2022-11-29T18:01:40.103000,2022-11-29T18:01:40.031739Z,78,C109FFJY,899,Secondary education (e.g. GED/GCSE),34,Female,White,United States,United States,United States,English,DATA_EXPIRED,DATA_EXPIRED
6386c806b5b0d94158acee81,5de9c0841255590f666b724e,AWAITING REVIEW,2022-11-30T03:03:38.909000Z,2022-11-30T03:04:30.660000Z,,2022-11-30T03:04:31.071989Z,52,NOCODE,152,Secondary education (e.g. GED/GCSE),24,Female,White,United States,United States,United States,English,No,Full-Time
638729b32b8009b0d5b14e3d,6385fc1b1894c581f720b296,APPROVED,2022-11-30T10:00:32.756000Z,2022-11-30T10:02:33.790000Z,2022-11-30T10:02:34.306000,2022-11-30T10:02:34.236354Z,122,C109FFJY,1,Secondary education (e.g. GED/GCSE),49,Female,White,United States,United States,United States,English,No,DATA_EXPIRED
6387646c9ffa7b454e4f6e9c,62ac7c3ffaf95e2270e5af01,AWAITING REVIEW,2022-11-30T14:10:55.345000Z,2022-11-30T14:11:30.072000Z,,2022-11-30T14:11:30.472450Z,35,NOCODE,186,Secondary education (e.g. GED/GCSE),25,Male,White,Greece,United States,United States,English,Yes,Unemployed (and job seeking)
6387739882ab593be1283e06,590798daec81dd0001d54797,APPROVED,2022-11-30T15:15:53.045000Z,2022-11-30T15:16:49.342000Z,2022-11-30T15:16:51.694000,2022-11-30T15:16:51.608262Z,57,C109FFJY,370,Secondary education (e.g. GED/GCSE),59,Female,White,United States,United States,United States,English,No,Full-Time
638783f49bcacd1e2552986a,5bcb229aa8920a00013060fa,APPROVED,2022-11-30T16:25:26.835000Z,2022-11-30T16:25:56.746000Z,2022-11-30T16:25:57.197000,2022-11-30T16:25:57.123814Z,30,C109FFJY,655,Secondary education (e.g. GED/GCSE),29,Female,Mixed,United States,United States,United States,English,No,"Not in paid work (e.g. homemaker', 'retired or disabled)"
638798d463ef744dbff0cad4,5ef04d739b93be04d17b451c,AWAITING REVIEW,2022-11-30T17:54:31.397000Z,2022-11-30T17:55:17.836000Z,,2022-11-30T17:55:18.321420Z,47,NOCODE,317,Secondary education (e.g. GED/GCSE),33,Female,White,United States,United States,United States,English,No,Unemployed (and job seeking)
63879bb82a2a413175ec7291,6290f368eb43bba3bedc87a5,AWAITING REVIEW,2022-11-30T18:07:00.165000Z,2022-11-30T18:08:43.102000Z,,2022-11-30T18:08:43.520854Z,103,NOCODE,11,Secondary education (e.g. GED/GCSE),47,Male,White,United States,United States,United States,English,DATA_EXPIRED,DATA_EXPIRED
6387c02ebde61058d8255fec,629638416146d56a43e5e028,APPROVED,2022-11-30T20:42:26.104000Z,2022-11-30T20:43:26.810000Z,2022-11-30T20:43:27.307000,2022-11-30T20:43:27.228902Z,61,C109FFJY,212,Secondary education (e.g. GED/GCSE),30,Male,White,United States,United States,United States,English,No,DATA_EXPIRED
6387d10f9b0acd863faa0333,6387b490116b212b246d16f3,APPROVED,2022-11-30T21:54:25.997000Z,2022-11-30T21:54:58.157000Z,2022-11-30T21:54:58.660000,2022-11-30T21:54:58.601185Z,33,C109FFJY,1,Secondary education (e.g. GED/GCSE),52,Female,White,DATA_EXPIRED,United States,United States,English,DATA_EXPIRED,DATA_EXPIRED
6387fda248557babf1d332f1,603ae163f21b736f470992bd,AWAITING REVIEW,2022-12-01T01:04:52.582000Z,2022-12-01T01:05:53.478000Z,,2022-12-01T01:05:53.802763Z,61,NOCODE,59,Secondary education (e.g. GED/GCSE),19,Female,White,United States,United States,United States,English,Yes,Part-Time
63882ddf4d1b9788c1264a2c,5f6cd1061eba7b0de28b704d,AWAITING REVIEW,2022-12-01T04:30:27.065000Z,2022-12-01T04:31:57.203000Z,,2022-12-01T04:31:57.522994Z,91,NOCODE,87,Secondary education (e.g. GED/GCSE),21,Male,Mixed,United States,United States,United States,English,No,Full-Time
6388f9364d2e6ec4374c14b1,5ff02540e44df43b05c7ef9e,AWAITING REVIEW,2022-12-01T18:58:00.864000Z,2022-12-01T18:59:08.963000Z,,2022-12-01T18:59:09.649612Z,69,NOCODE,48,Secondary education (e.g. GED/GCSE),22,Female,Mixed,United States,United States,United States,English,No,Due to start a new job within the next month
638959521e751a35179a2594,6155083c1e4cee887b92d482,APPROVED,2022-12-02T01:48:06.040000Z,2022-12-02T01:48:36.367000Z,2022-12-02T01:48:37.149000,2022-12-02T01:48:37.085281Z,31,C109FFJY,3,Secondary education (e.g. GED/GCSE),36,Female,White,United States,United States,United States,English,Yes,Full-Time
63895ee7e4e62851bb21310e,5e73a3e6a3a80a069b53bc93,APPROVED,2022-12-02T02:11:53.829000Z,2022-12-02T02:12:42.206000Z,2022-12-02T02:12:42.667000,2022-12-02T02:12:42.599638Z,49,C109FFJY,896,Secondary education (e.g. GED/GCSE),23,Female,White,United States,United States,United States,Romanian,DATA_EXPIRED,DATA_EXPIRED
63896ef8982b570e7719e036,5ed5b715e7c33a15f69dff3e,APPROVED,2022-12-02T03:20:29.798000Z,2022-12-02T03:21:28.159000Z,2022-12-02T03:21:28.534000,2022-12-02T03:21:28.459027Z,59,C109FFJY,158,Secondary education (e.g. GED/GCSE),30,Male,White,United States,United States,United States,English,No,Full-Time
638a0d961432d0caf9d1bf99,6388be1ed32490be7b1dc0d0,APPROVED,2022-12-02T14:37:26.654000Z,2022-12-02T14:38:36.189000Z,2022-12-02T14:38:38.259000Z,2022-12-02T14:38:38.476531Z,70,C109FFJY,1,Secondary education (e.g. GED/GCSE),51,Female,White,DATA_EXPIRED,United States,United States,English,DATA_EXPIRED,DATA_EXPIRED
638a6e1424fab687a1c7c35f,5c3f9952e0ea8200014686f1,AWAITING REVIEW,2022-12-02T21:28:56.800000Z,2022-12-02T21:29:46.376000Z,,2022-12-02T21:29:46.799788Z,50,NOCODE,471,Secondary education (e.g. GED/GCSE),34,Female,White,United States,United States,United States,English,No,Full-Time
638ab8060d7a71c7afc48788,62c37638a93211ca8441aadb,APPROVED,2022-12-03T02:44:36.400000Z,2022-12-03T02:58:00.566000Z,2022-12-03T02:58:00.985000,2022-12-03T02:58:00.928926Z,805,C109FFJY,89,Secondary education (e.g. GED/GCSE),19,Male,White,United States,United States,United States,English,Yes,Unemployed (and job seeking)
638b368e8c822fd746e14c50,6101ca2b4ef4ff44381fe3cd,AWAITING REVIEW,2022-12-03T11:44:18.391000Z,2022-12-03T11:44:48.389000Z,,2022-12-03T11:44:48.886493Z,30,NOCODE,1041,Secondary education (e.g. GED/GCSE),34,Male,White,United States,United States,United States,English,No,Unemployed (and job seeking)
638b57253b3a885f2d768422,638a8d01f30315f8cfe73670,AWAITING REVIEW,2022-12-03T14:03:33.873000Z,2022-12-03T14:06:10.108000Z,,2022-12-03T14:06:10.498234Z,157,NOCODE,1,Secondary education (e.g. GED/GCSE),72,Female,White,United States,United States,United States,English,No,DATA_EXPIRED
638be53f9d84c18b4f9b31e6,631cf52e293371776b9b0c28,AWAITING REVIEW,2022-12-04T00:09:37.781000Z,2022-12-04T00:10:49.570000Z,,2022-12-04T00:10:49.924184Z,72,NOCODE,13,Secondary education (e.g. GED/GCSE),26,Male,White,United States,United States,United States,English,No,DATA_EXPIRED
638c4a2d01a7696cf226df9f,60f75bfcee2ff53ef6a14c89,APPROVED,2022-12-04T07:20:16.751000Z,2022-12-04T07:21:27.324000Z,2022-12-04T07:21:27.857000,2022-12-04T07:21:27.777147Z,71,C109FFJY,526,Secondary education (e.g. GED/GCSE),22,Female,White,United States,United States,United States,English,No,Unemployed (and job seeking)
638cb503999daba6529b321f,5cb56689b34d310018c83a8c,AWAITING REVIEW,2022-12-04T14:56:08.458000Z,2022-12-04T14:57:42.133000Z,,2022-12-04T14:57:42.484750Z,94,NOCODE,921,Secondary education (e.g. GED/GCSE),48,Female,White,United States,United States,United States,English,No,"Not in paid work (e.g. homemaker', 'retired or disabled)"
638d1e3c178e292aad78fe5f,638c01625c212d643526dfae,APPROVED,2022-12-04T22:25:10.325000Z,2022-12-04T22:26:21.631000Z,2022-12-04T22:26:22.078000,2022-12-04T22:26:21.997689Z,72,C109FFJY,1,Secondary education (e.g. GED/GCSE),66,Male,White,United States,United States,United States,English,No,DATA_EXPIRED
638d6059c99b27f7a9442eca,5f666d5bde24cf249e12a9fc,APPROVED,2022-12-05T03:07:08.677000Z,2022-12-05T03:07:46.254000Z,2022-12-05T03:07:46.648000,2022-12-05T03:07:46.572824Z,38,C109FFJY,389,Secondary education (e.g. GED/GCSE),21,Female,Mixed,United States,United States,United States,English,Yes,Part-Time
638dc6bf468a36700b442edb,616a4698baaf63a781ba09c6,AWAITING REVIEW,2022-12-05T10:24:02.379000Z,2022-12-05T10:24:57.622000Z,,2022-12-05T10:24:57.965238Z,56,NOCODE,106,Secondary education (e.g. GED/GCSE),27,Female,White,United States,United States,United States,English,No,Unemployed (and job seeking)
638e105022e425cfec4cc8f4,6067c1eafd091bc4815a30e3,APPROVED,2022-12-05T15:38:01.402000Z,2022-12-05T16:25:33.109000Z,2022-12-05T16:25:33.537000,2022-12-05T16:25:33.480659Z,2852,C109FFJY,391,Secondary education (e.g. GED/GCSE),19,Female,Other,United States,United States,United States,Arabic,DATA_EXPIRED,DATA_EXPIRED
638e388c2dda67f81f2778f3,638e307425f63a35dc05efac,AWAITING REVIEW,2022-12-05T18:29:35.850000Z,2022-12-05T18:30:40.314000Z,,2022-12-05T18:30:41.504971Z,65,NOCODE,2,Secondary education (e.g. GED/GCSE),50,Female,White,DATA_EXPIRED,United States,United States,English,DATA_EXPIRED,DATA_EXPIRED
638ed84d08ffd1354c40b9b2,6318eba13108db1c1b9303bc,AWAITING REVIEW,2022-12-06T05:52:18.182000Z,2022-12-06T05:53:18.200000Z,,2022-12-06T05:53:18.560578Z,61,NOCODE,2,Secondary education (e.g. GED/GCSE),31,Male,Other,DATA_EXPIRED,United States,United States,English,DATA_EXPIRED,DATA_EXPIRED
638fd569bbecacf0eeb0f2ee,62e0dcc18007e8ba41769dd8,AWAITING REVIEW,2022-12-06T23:51:08.719000Z,2022-12-06T23:51:54.359000Z,,2022-12-06T23:51:54.739092Z,46,NOCODE,597,Secondary education (e.g. GED/GCSE),36,Male,Mixed,United States,United States,United States,English,No,Unemployed (and job seeking)
